user_id,Unnamed: 0,post,location,tf
1,10,"['The', 'Chesterfield', 'Islands', 'are', 'a', 'remote', 'island', 'group', 'nearly', 'halfway', 'between', 'New', 'Caledonia', 'and', 'Australia.', '', 'For', 'a', 'few', 'years,', 'I', 'searched', 'for', 'a', 'way', 'to', 'cross', 'between', 'the', 'two,', 'in', 'order', 'to', 'visit', 'Mellish', 'Reef', 'and', 'Chesterfields', 'on', 'the', 'same', 'run', 'but', 'it', 'was', 'too', 'expensive', 'and', 'logistically', 'challenging,', 'due', 'to', 'distance,', 'fuel,', 'and', 'customs', 'requirements.', '', 'Finally,', 'I', 'agreed', 'to', 'charter', 'a', 'sportfishing', 'boat,', 'the', 'Quo', 'Vadis,', 'through', 'Pacific', 'Charters', 'in', 'Noumea.<br><br>Quo', 'Vadis', 'is', 'skippered', 'by', 'Olivier', 'Quach,', 'an', 'interesting', 'and', 'accomplished', 'Caledonian', 'of', 'Vietnamese', 'descent.', '', 'Direct', 'booking', 'can', 'be', 'made', 'through', 'their', 'family', 'business', 'Powercat', 'Charter', '(www.powercat-charter.com).', '', ""Olivier's"", 'brother', 'Gerald', 'is', 'a', 'bodybuilder', 'who', 'was', 'previously', '""Mister', 'New', 'Caledonia"",', 'and', 'his', 'friend', 'Michel', 'was', 'a', 'Pacific', 'spearfishing', 'champion.<br><br>We', 'departed', 'Koumac', 'on', 'the', 'northern', 'tip', 'of', 'the', 'mainland', 'the', 'night', 'of', '11', 'December,', '2004,', 'and', 'were', 'among', 'the', 'Chesterfields', '36', 'hours', 'later.', '', 'Along', 'the', 'way', 'we', 'caught', 'a', 'swordfish,', 'mahi', 'mahi,', 'and', 'a', 'parrotfish,', 'as', 'well', 'as', 'lobster', 'in', 'the', 'lagoon', '(there', 'was', 'one', 'other', 'fishing', 'boat', 'in', 'the', 'lagoon', 'while', 'we', 'were', 'there).<br><br>We', 'landed', 'on', 'Ile', 'du', 'Loop', '-', 'the', 'southernmost', 'of', 'the', 'Chesterfields,', 'which', 'we', 'knew', 'to', 'have', 'a', 'marker', 'suitable', 'for', 'a', 'photo,', 'but', 'just', 'in', 'case,', 'the', 'Quach', 'brothers', 'had', 'created', 'a', 'handmade', 'sign', 'reading', '""Welcome', 'to', 'Chesterfields"".', '', 'Ile', 'du', 'Loop', 'was', 'absolutely', 'covered', 'with', 'red-footed', 'boobys,', 'and', 'it', 'was', 'here', 'that', 'I', 'realized', 'the', 'derivation', 'of', '""booby-trap"".', '', 'Boobies', 'dig', 'nests', 'in', 'the', 'sandy', 'scrub,', 'then', 'camouflage', 'the', 'holes', 'with', 'brush,', 'creating', 'a', 'dangerous', 'zone', 'for', 'walking,', 'with', 'the', 'potential', 'for', 'broken', 'legs', 'at', 'every', 'step!<br><br>After', 'a', 'fabulous', 'sashimi', 'and', 'lobster', 'dinner,', 'we', 'set', 'out', 'for', 'Noumea', 'at', 'sunset,', 'arriving', '36', 'hours', 'later', 'to', 'catch', 'high', 'tide', 'through', 'the', 'passage', 'into', 'Koumac.', '', 'A', 'highlight', 'of', 'the', 'subsequent', 'week', 'in', 'Noumea', 'was', 'dinner', 'at', 'Chez', 'Quach', '3', 'nights', 'later.', '', 'Many', 'Vietnamese', 'spring', 'rolls', 'and', 'much', 'American', 'whiskey', 'was', 'consumed', 'that', 'night', 'to', 'celebrate', 'our', 'successful', 'Chesterfields', 'expedition.']",569,1
23,50,"['HOW', 'TO', 'GET', 'TO', 'PITCAIRN', 'ISLAND:</P><P><!--StartFragment', '-->Normally', 'about', 'half', 'a', 'dozen', 'cruise', 'ships', 'call', 'at', 'Pitcairn', 'annually.', 'However,', 'only', 'occasionally', 'do', 'any', 'of', 'these', 'cruise', 'ships', 'ever', 'land', 'passengers', 'on', 'the', 'island.', 'When', 'this', 'does', 'happen,', 'it', 'is', 'almost', 'always', 'one', 'of', 'the', ""islanders'"", 'longboats', 'which', 'is', 'used', 'to', 'transport', 'people', 'ashore.', 'Yacht', 'charters', 'to', 'Pitcairn', 'are', 'possible', 'from', 'Mangareva', 'in', 'French', 'Polynesia.', 'These', 'charters', 'can', 'be', 'arranged', 'via', 'an', 'agent', 'in', 'the', 'U.', 'S.', 'Finally,', 'supply', 'vessels', 'visit', 'Pitcairn', 'on', 'an', 'irregular', 'basis,', 'either', 'from', 'Mangareva', 'or', 'once', 'in', 'awhile', 'from', 'New', 'Zealand.', 'It', 'might', 'be', 'possible', 'to', 'purchase', 'passage', 'on', 'one', 'of', 'these', 'sailings.</P><P><BR>MY', 'VISIT', 'TO', 'PITCAIRN', 'ISLAND:<BR><BR>""A', 'Visit', 'to', 'Pitcairn', 'Island', 'in', 'the', 'South', 'Pacific,""', 'written', 'for', 'the', 'expatriate', 'community', 'in', 'Cairo,', 'Egypt', 'by', 'Ted', 'Cookson', 'in', 'February', '2003', '</P><P>On', '25', 'January', '2003', 'I', 'sailed', 'from', 'Valparaiso,', 'Chile', 'to', 'Papeete,', 'Tahiti', 'on', 'the', '513-passenger', 'German-registered', 'cruise', 'ship', 'MS', 'Deutschland.', 'During', 'the', '16-day', 'cruise', 'the', 'Deutschland', 'called', 'at', ""Chile's"", 'Robinson', 'Crusoe', 'Island,', 'Easter', 'Island', 'and', 'Pitcairn', 'Island', 'as', 'well', 'as', 'Fakarava', 'and', 'Moorea', 'in', 'French', 'Polynesia.', 'On', '4', 'February', 'I', 'landed', 'at', 'Pitcairn', 'in', 'smooth', 'seas', 'and', 'got', 'to', 'explore', 'that', 'island', 'for', 'half', 'a', 'day.', '<BR><BR>I', 'had', 'first', 'attempted', 'to', 'land', 'at', 'Pitcairn', 'during', 'a', 'previous', 'cruise', 'on', 'the', 'Deutschland', 'in', 'August', '2000.', 'However,', 'that', 'attempt', 'was', 'frustrated', 'by', 'a', '3-meter', 'sea', 'swell.', 'No', 'passengers', 'were', 'allowed', 'to', 'disembark', 'from', 'the', 'Deutschland', 'that', 'time.', 'Then', 'in', 'November', '2002', 'during', 'a', 'second', 'Pitcairn', 'attempt', 'aboard', 'the', 'Seven', 'Seas', 'Navigator', 'I', 'did', 'manage', 'to', 'land.', 'But', 'because', 'passengers', 'were', 'recalled', 'to', 'the', 'ship', 'after', 'only', '20', 'minutes,', 'I', 'never', 'had', 'a', 'chance', 'to', 'explore', 'anything', 'but', ""Pitcairn's"", 'dock', 'area.', '<BR><BR>I', 'have', 'been', 'fascinated', 'by', 'faraway', 'Pitcairn', 'Island', 'for', 'nearly', '40', 'years.', 'In', 'the', 'early', '1960s', 'as', 'a', 'young', 'teenager', 'I', 'read', 'Nordhoff', 'and', ""Hall's"", 'Bounty', 'Trilogy', 'novels', '(Mutiny', 'on', 'the', 'Bounty,', 'Men', 'Against', 'the', 'Sea', 'and', ""Pitcairn's"", 'Island)', 'and', 'began', 'collecting', 'Pitcairn', 'Island', 'postage', 'stamps.', '<BR><BR>One', 'of', 'the', 'most', 'remote', 'of', 'the', ""world's"", 'inhabited', 'islands,', 'Pitcairn', 'lies', 'in', 'the', 'South', 'Pacific', 'Ocean', 'roughly', 'midway', 'between', 'Tahiti', 'and', 'Easter', 'Island.', 'Pitcairn', 'Island', 'is', '4,155', 'nautical', 'miles', '(nm)', 'southwest', 'of', 'Los', 'Angeles,', '3,504', 'nm', 'northwest', 'of', 'Santiago,', 'Chile', 'and', '3,314', 'nm', 'northeast', 'of', 'Wellington,', 'New', 'Zealand.', 'Pitcairn', 'is', '11,281', 'nm', 'from', 'Cairo.<BR><BR>Pitcairn', 'was', 'discovered', 'in', '1767', 'by', 'a', 'midshipman', 'named', 'Pitcairn', 'aboard', 'HMS', 'Swallow,', 'but', 'the', 'island', 'was', 'not', 'settled', 'until', '1790', 'when', 'Fletcher', 'Christian', 'and', 'his', 'band', 'of', 'mutineers', 'arrived', 'aboard', 'the', 'Bounty.', 'In', 'a', 'tale', 'immortalized', 'on', 'film', 'by', 'Clark', 'Gable', 'and', 'Charles', 'Laughton', '(1934),', 'Marlon', 'Brando', 'and', 'Trevor', 'Howard', '(1962)', 'and', 'Mel', 'Gibson', 'and', 'Anthony', 'Hopkins', '(1984),', 'Fletcher', 'Christian', 'seized', 'the', 'Bounty', 'from', 'Captain', 'William', 'Bligh', 'and', 'eventually', 'steered', 'it', 'to', 'Pitcairn', 'Island.<BR><BR>The', 'Bounty', 'had', 'sailed', 'from', 'England', 'in', '1787', 'on', 'a', 'mission', 'to', 'gather', 'breadfruit', 'trees', 'in', 'Polynesia', 'and', 'transport', 'them', 'to', 'the', 'British', 'West', 'Indies', 'where,', 'it', 'was', 'thought,', 'breadfruit', 'would', 'provide', 'a', 'new,', 'cheap', 'source', 'of', 'food', 'for', 'slaves', 'on', 'the', 'sugar', 'plantations.', 'After', 'ten', 'months', 'and', '27,000', 'nm', 'of', 'sailing,', 'the', 'Bounty', 'finally', 'arrived', 'in', 'Tahiti.', 'During', 'the', 'five', 'months', 'which', 'the', 'ship', 'remained', 'in', 'Tahiti', 'while', 'young', 'breadfruit', 'trees', 'were', 'cultivated,', 'many', 'of', 'the', 'crew', 'became', 'captivated', 'by', 'the', 'local', 'women.', '<BR><BR>The', 'famous', 'mutiny', 'on', 'the', 'Bounty', 'took', 'place', 'some', '3', '1/2', 'weeks', 'into', 'the', 'sail', 'from', 'Tahiti', 'westward', 'toward', 'the', 'West', 'Indies.', 'Bligh', 'and', '18', 'loyal', 'crew', 'were', 'set', 'adrift', 'in', 'a', 'longboat.', 'Against', 'all', 'odds', 'nearly', 'all', 'of', 'these', 'men', 'eventually', 'reached', 'Dutch-held', 'Timor', '(Indonesia)', 'after', 'a', '3,600-nm', 'open', 'boat', 'voyage.', 'Meanwhile,', 'Fletcher', 'Christian', 'and', 'the', 'other', 'mutineers', 'returned', 'to', 'Tahiti', 'for', 'their', 'women.', 'After', 'leaving', 'behind', 'at', 'Tahiti', '16', 'men', 'who', 'wished', 'to', 'remain,', 'nine', 'mutineers', 'and', 'their', 'women', 'plus', 'nine', 'other', 'Polynesian', 'men', 'and', 'women', 'roamed', 'the', 'Pacific', 'for', 'several', 'months', 'in', 'search', 'of', 'an', 'island', 'on', 'which', 'they', 'could', 'hide.', 'Eventually', 'Fletcher', 'Christian', 'sailed', 'the', 'Bounty', 'to', 'Pitcairn', 'which,', 'fortunately,', 'had', 'been', 'charted', 'incorrectly', 'by', '200', 'miles.', 'There', 'the', 'Bounty', 'was', 'burned', 'to', 'hide', 'all', 'evidence', 'of', 'the', ""mutineers'"", 'arrival.<BR><BR>Most', 'of', 'the', '50', 'current', 'inhabitants', 'of', 'Pitcairn', 'are', 'descendants', 'of', 'the', 'original', 'Bounty', 'mutineers', 'and', 'the', 'Polynesians', 'who', 'accompanied', 'them.', 'Some', 'of', 'the', 'others', 'are', 'descendants', 'of', 'shipwrecked', 'sailors', 'who', 'decided', 'to', 'remain', 'on', 'the', 'island', 'and', 'marry.<BR><BR>The', 'Pitcairn', 'Islands,', 'which', 'consist', 'of', 'Pitcairn', 'plus', 'the', 'uninhabited', 'Henderson,', 'Oeno', 'and', 'Ducie,', 'are', 'today', 'administered', 'as', 'a', 'British', 'colony', 'via', 'an', 'administrative', 'headquarters', 'in', 'New', 'Zealand.', ""Pitcairn's"", 'island', 'council', 'handles', 'such', 'local', 'affairs', 'as', 'island', 'maintenance,', 'postal', 'and', 'medical', 'services', 'and', 'communications.', ""Pitcairn's"", 'chief', 'source', 'of', 'income', 'derives', 'from', 'the', 'sale', 'of', 'postage', 'stamps', 'to', 'collectors.', '<BR><BR>About', 'one', 'mile', 'wide', 'and', 'two', 'miles', 'long,', 'Pitcairn', 'is', 'of', 'volcanic', 'origin.', 'The', 'highest', 'point', 'on', 'the', 'island', 'is', 'some', '1,100', 'feet.', 'The', 'land', 'is', 'hilly', 'but', 'fertile;', 'and', 'the', 'islanders', 'grow', 'sweet', 'potatoes,', 'yams,', 'pineapples,', 'cabbages,', 'beans,', 'tomatoes,', 'citrus', 'and', 'bananas.', 'There', 'are', 'no', 'farm', 'animals,', 'although', 'poultry', 'and', 'wild', 'goats', 'exist', 'on', 'the', 'island.', '<BR><BR>Pitcairn', 'is', 'completely', 'surrounded', 'by', 'steep,', 'rocky', 'cliffs.', 'There', 'is', 'only', 'one', 'small', 'harbor,', 'at', 'Bounty', 'Bay.', 'Access', 'to', 'this', 'harbor', 'is', 'via', 'longboat', 'operated', 'by', 'the', 'islanders.', 'A', 'longboat', 'carries', 'about', 'two', 'dozen', 'passengers', 'on', 'an', 'open', 'deck.', 'Even', 'in', 'calm', 'seas', 'getting', 'into', 'and', 'out', 'of', 'a', 'Pitcairn', 'longboat', 'while', 'it', 'is', 'alongside', 'a', 'cruise', 'ship', 'can', 'be', 'challenging.', 'The', 'longboat', 'bobs', 'up', 'and', 'down', 'with', 'the', 'waves,', 'so', 'the', 'timing', 'of', ""one's"", 'step', 'is', 'everything.', 'On', 'my', 'previous', 'landing', 'at', 'Pitcairn', 'I', 'had', 'to', 'climb', 'down', 'a', 'rope', 'ladder', 'and', 'then', 'jump', '""blind""', 'into', 'a', 'longboat', 'when', 'instructed', 'to', 'do', 'so', 'by', 'the', 'crew.', 'Luckily', 'this', 'time', 'the', 'Deutschland', 'employed', 'an', 'external', 'stairway.', 'But', 'even', 'the', 'slight', 'sea', 'swell', 'still', 'made', 'the', 'step', 'into', 'the', 'longboat', 'an', 'exciting', 'one.', '<BR><BR>Upon', 'landing', 'on', 'the', 'island,', 'I', 'first', 'had', 'my', 'photograph', 'taken', 'in', 'front', 'of', 'the', '""Welcome', 'to', 'Pitcairn', 'Island""', 'sign', 'above', 'the', 'boathouse.', 'The', 'next', 'order', 'of', 'business', 'was', 'climbing', 'the', 'so-called', 'Hill', 'of', 'Difficulty', 'to', 'reach', 'the', 'small', 'settlement', 'of', 'Adamstown,', 'named', 'for', 'the', 'last', 'surviving', 'mutineer.', 'One', 'of', 'the', 'Bounty', 'anchors', 'is', 'displayed', 'in', 'the', 'small', 'town', 'square.', 'Facing', 'the', 'square', 'are', 'the', 'post', 'office,', 'the', 'courthouse,', 'the', 'museum,', 'the', 'library', 'and', 'a', 'Seventh', 'Day', 'Adventist', 'church.', 'In', 'the', 'church', 'is', 'one', 'of', 'the', 'original', 'Bounty', 'bibles.', '<BR><BR>I', 'was', 'fortunate', 'to', 'be', 'offered', 'a', 'tour', 'of', 'the', 'entire', 'island', 'in', 'an', 'open', 'all-terrain', 'vehicle.', 'The', 'first', 'stop', 'was', 'on', 'a', 'hilltop', 'called', 'Ship', 'Landing', 'Point', 'overlooking', 'Bounty', 'Bay', 'from', 'where', 'I', 'could', 'view', 'Adamstown.', 'Above', 'the', 'settlement', 'is', 'a', 'large', 'cave', 'where', 'Fletcher', 'Christian', 'maintained', 'a', 'watch', 'out', 'over', 'the', 'sea.', '<BR><BR>Then', 'we', 'drove', 'to', 'St.', ""Paul's"", 'Point.', 'Directly', 'below,', 'islanders', 'can', 'enjoy', 'an', 'ocean', 'swim', 'in', 'a', 'pool', 'which', 'is', 'afforded', 'protection', 'by', 'large', 'boulders.', 'On', 'the', 'way', 'we', 'passed', 'a', 'very', 'steep', 'trail', 'leading', 'to', '""Down', 'Rope.""', 'There', 'on', 'the', 'cliff', 'face', 'are', 'inscribed', 'Polynesian', 'petroglyphs.', 'From', 'these', 'markings', 'and', 'a', 'few', 'stone', 'tools', 'found', 'on', 'the', 'island', 'it', 'is', 'known', 'that', 'Polynesians', 'visited', 'Pitcairn', 'long', 'before', 'the', 'arrival', 'of', 'the', 'Bounty', 'mutineers.', '<BR><BR>My', 'tour', 'continued', 'to', 'Tautama', 'where', 'I', 'saw', 'wild', 'goats', 'grazing.', 'Then', 'we', 'drove', 'to', 'Taro', 'Ground', 'where', 'the', 'radio', 'station', 'is', 'situated.', 'Ham', 'radio', 'enthusiasts', 'from', 'around', 'the', 'world', 'are', 'ever', 'eager', 'to', 'make', 'contact', 'with', 'remote', 'Pitcairn.', 'We', 'went', 'on', 'to', 'the', 'highest', 'point', 'on', 'the', 'island,', 'and', 'from', 'there', 'we', 'drove', 'down', ""Garnet's"", 'Ridge', 'back', 'to', 'Adamstown.', 'On', 'the', 'way', 'I', 'took', 'in', 'views', 'of', 'beautiful', 'uninhabited', '""Tedside.""', 'This', 'term', 'is', 'apparently', 'a', 'corruption', 'of', 'the', 'phrase', '""the', 'other', 'side.""<BR><BR>Back', 'in', 'Adamstown,', 'I', 'visited', 'the', 'schoolhouse.', 'A', 'school', 'teacher', 'from', 'New', 'Zealand', 'is', 'posted', 'to', 'the', 'island', 'on', 'a', 'two-year', 'contract.', 'I', 'also', 'saw', 'the', 'unoccupied', 'and', 'delapidated', 'house', 'of', 'Thursday', 'October', 'Christian,', 'Fletcher', ""Christian's"", 'first', 'son,', 'who', 'died', 'in', '1866.', 'Nearby', 'is', 'the', 'cemetery', 'which', 'contains', 'gravestones', 'dating', 'back', 'to', 'the', 'nineteenth', 'century.', '<BR><BR>On', 'the', 'way', 'back', 'to', 'the', 'longboat', 'I', 'stopped', 'at', 'The', 'Edge', 'which', 'overlooks', 'Bounty', 'Bay.', 'There', 'rests', 'the', 'anchor', 'of', 'the', 'Acadia,', 'one', 'of', 'the', 'many', 'ships', 'which', 'has', 'foundered', 'in', 'the', 'Pitcairn', 'Islands', 'over', 'the', 'years.', 'The', 'Acadia', 'ran', 'aground', 'at', 'Ducie', 'Island', 'in', '1881.', 'The', 'anchor', 'was', 'raised', 'and', 'carried', 'to', 'Pitcairn', 'in', '1990.<BR><BR>While', 'I', 'had', 'been', 'exploring', 'Pitcairn', 'during', 'the', 'morning,', 'about', '35', 'islanders', 'had', 'come', 'aboard', 'the', 'Deutschland', 'to', 'sell', 'their', 'wooden', 'handicrafts,', 'woven', 'baskets,', 'T-shirts', 'and', 'postage', 'stamps.', 'So', 'after', 'a', 'quick', 'lunch', 'I', 'shopped', 'for', 'wooden', 'turtles,', 'my', 'favorite', 'Pitcairn', 'handicraft.', 'I', 'also', 'purchased', 'a', 'large', 'model', 'of', 'a', 'Pitcairn', 'longboat.<BR><BR>During', 'afternoon', 'tea', 'three', 'of', 'the', 'islanders', 'were', 'interviewed', 'in', 'the', ""ship's"", 'auditorium.', 'Then', 'it', 'was', 'time', 'for', 'the', 'Pitcairners', 'to', 'bid', 'us', 'goodbye.', 'As', 'they', 'sailed', 'away', 'in', 'their', 'longboat,', 'the', 'islanders', 'looked', 'up', 'at', 'the', ""ship's"", 'passengers', 'crowded', 'along', 'the', 'railings', 'and', 'sang', 'us', 'a', 'farewell', 'song.', '<BR>', '<BR>For', 'further', 'information', 'about', 'the', 'Mutiny', 'on', 'the', 'Bounty', 'saga', 'and', 'about', 'Pitcairn', 'Island,', 'visit', '<A', 'href=""http://www.lareau.org/""', 'eudora=""autourl"">www.lareau.org</A>,', 'which', 'contains', 'many', 'useful', 'links.', 'The', 'U.', 'S.', 'Pitcairn', 'Islands', 'Study', 'Group', '(PISG)', 'publishes', 'an', 'interesting', 'quarterly', 'log', 'while', 'the', 'U.', 'K.', 'PISG', 'chapter', 'publishes', 'a', 'very', 'informative', 'semi-annual', 'log.', 'Refer', 'to', '<A', 'href=""http://www.pisg.org/""', 'eudora=""autourl"">www.pisg.org</A>', 'for', 'contact', 'information.', 'Those', 'fascinated', 'by', 'the', 'Pitcairn', 'story', 'will', 'also', 'be', 'interested', 'in', 'Norfolk', 'Island,', 'situated', 'between', 'Australia,', 'New', 'Zealand', 'and', 'New', 'Caledonia.', '', 'Because', ""Pitcairn's"", 'inhabitants', 'were', 'evacuated', 'to', 'Norfolk', '(but', 'some', 'later', 'returned', 'to', 'Pitcairn),', 'the', ""islands'"", 'histories', 'are', 'intertwined.', '.<BR><BR><BR>Ted', 'Cookson<BR>Manager', '-', 'Maadi<BR>Egypt', 'Panorama', 'Tours<BR>Cairo,', 'Egypt<BR>22', 'April', '2007<BR>', '<A', 'href=""http://www.eptours.com"">www.eptours.com', '</A><BR><A', 'href=""http://www.tedcookson.com"">www.tedcookson.com', '</A></P><br>']",465,4
35,22,"['We', 'hopped', 'on', 'over', 'to', 'Sao', 'Miguel', 'from', 'Lisbon', 'for', 'a', 'few', 'days', 'in', 'October', '2005,', 'which', 'proved', 'to', 'not', 'be', 'enough', 'time', 'to', 'thoroughly', 'enjoy', 'these', 'mid-Atlantic', 'jewels.', 'The', 'island', 'of', 'Sao', 'Miguel', 'was', 'like', 'a', 'fairytale', '(rolling', 'hills', 'of', 'green', 'farmlands,', 'roads', 'lined', 'with', 'thousands', 'of', 'blue', 'hydrangeas,', 'perfectly', 'manicured', 'public', 'gardens,', 'amazingly', 'blue', 'and', 'green', 'volcanic', 'lakes,', 'and', 'bubbling', 'geysers).', 'Plus,', 'the', 'Azores', 'make', 'some', 'of', 'the', 'best', 'cheese', 'I&apos;ve', 'ever', 'tasted', 'often', 'accompanied', 'with', 'this', 'spicy', 'red', 'chili', 'sauce.', 'Our', 'brief', 'trip', 'to', 'Sao', 'Miguel', 'has', 'inspired', 'us', 'to', 'one', 'day', 'go', 'back', 'and', 'visit', 'the', 'other', '8', 'islands', 'that', 'make', 'up', 'the', 'Azores.', 'The', 'good', 'news', 'for', 'us', 'North', 'Americans', 'is', 'that', 'there', 'are', 'regular', 'flights', 'from', 'Boston', 'these', 'days,', 'so', 'a', 'trip', 'all', 'the', 'way', 'to', 'Portugal', 'is', 'no', 'longer', 'necessary.', '</p>']",305,4
111,592,"['[On', 'MTP,', 'England', 'should', 'be', 'divided', 'into', 'its', 'nine', 'regions]<br><br>East', 'Midlands:<br><br>In', 'July', '2012', 'I', 'visited', 'Nottingham,', 'where', 'I', 'drank', 'at', 'three', 'of', 'the', 'oldest', 'pubs', 'in', 'England:', 'Ye', 'Olde', 'Trip', 'To', 'Jerusalem', '(http://www.triptojerusalem.com/),', 'Ye', 'Olde', 'Salutation', 'Inn', '(http://www.salutationpub.com/)', 'and', 'The', 'Bell', 'Inn', '(http://www.bellinnnottingham.co.uk/).<br><br>East', 'of', 'England:<br><br>In', 'December', '2011', 'I', 'visited', 'Cambridge,', 'including', 'the', 'Sedgwick', 'Museum', 'of', 'Earth', 'Sciences', '(the', 'geology', 'museum', 'of', 'the', 'University', 'of', 'Cambridge)', 'and', ""King's"", 'College', 'Chapel,', 'and', 'had', 'lunch', 'at', 'The', 'Eagle,', 'originally', 'opened', 'in', '1667', 'and', 'where', 'Francis', 'Crick', 'announced', 'in', '1953', 'that', 'he', 'and', 'James', 'Watson', 'had', '""discovered', 'the', 'secret', 'of', 'life""', 'after', 'they', 'had', 'come', 'up', 'with', 'their', 'proposal', 'for', 'the', 'structure', 'of', 'DNA.<br><br>Greater', 'London:<br><br>I', 'have', 'made', 'several', 'dozen', 'trips', 'to', 'London,', 'first', 'in', 'September', '1992', 'and', 'most', 'recently', 'in', 'April', '2009,', 'November', '2010,', 'November', '2011', 'and', 'July', '2012.', '', 'I', 'have', 'visited', 'most', 'of', 'the', ""city's"", 'major', 'museums,', 'including', 'those', 'that', 'concentrate', 'on', 'archaeology', '(British', 'Museum', 'and', 'the', 'Petrie', 'Museum', 'of', 'Egyptian', 'Archaeology),', 'art', '(National', 'Gallery,', 'Tate', 'Britain,', 'Tate', 'Modern', 'and', 'Victoria', 'and', 'Albert', 'Museum)', 'and', 'natural', 'history', '(Natural', 'History', 'Museum', 'and', 'the', 'Grant', 'Museum', 'of', 'Zoology).', '', 'I', 'have', 'stayed', 'at', 'a', 'few', 'of', 'the', ""city's"", 'historic', 'hotels,', 'including', ""Claridge's,"", 'Dukes', 'Hotel,', 'the', 'Connaught,', 'the', 'Hyde', 'Park', 'Hotel,', 'the', 'Langham', 'and', 'the', 'Great', 'Western', 'Royal', 'Hotel.', '', 'London', 'has', 'an', 'undeserved', 'reputation', 'as', 'a', 'poor', 'dining', 'destination,', 'and', 'some', 'of', 'my', 'favorite', 'restaurants', 'are', 'its', 'most', 'historic:', 'Rules', '(established', 'in', '1798', 'and', ""London's"", 'oldest', 'restaurant),', ""Simpson's-in-the-Strand"", '(1828),', 'Quality', 'Chop', 'House', '(1870s),', 'Sweetings', '(1889),', ""Gordon's"", 'Wine', 'Bar', '(1890),', 'J.', 'Sheekey', '(1896),', 'the', 'Ivy', '(1917),', 'Veeraswamy', '(1926', 'and', 'the', 'oldest', 'Indian', 'restaurant', 'in', 'the', 'United', 'Kingdom),', 'Geales', '(1939', 'and', 'my', 'favorite', 'fish-and-chip', 'restaurant),', '', 'Mon', 'Plaisir', '(established', 'in', 'the', '1940s', 'and', 'the', ""city's"", 'oldest', 'French', 'restaurant),', 'Le', 'Caprice', '(1947)', 'and', 'the', 'Gay', 'Hussar', '(1953).', '', 'In', 'November', '2005', 'I', 'visited', 'Maritime', 'Greenwich,', 'a', 'UNESCO', 'World', 'Heritage', 'Site,', 'including', 'the', 'Royal', 'Observatory', '(the', 'home', 'of', 'Greenwich', 'Mean', 'Time', 'and', 'the', 'Prime', 'Meridian', 'line),', 'where', 'I', 'had', 'an', 'eel', 'lunch', 'at', ""Goddard's"", 'Pies,', 'established', 'in', '1890', '(http://www.pieshop.co.uk/).', '', 'In', 'November', '2010', 'I', 'visited', 'the', 'Royal', 'Botanic', 'Gardens,', 'Kew,', 'a', 'UNESCO', 'World', 'Heritage', 'Site.<br><br>North', 'West', 'England:<br><br>I', 'have', 'visited', 'Manchester', 'several', 'times', '(May', 'and', 'December', '2006', 'and', 'August', '2009).', '', 'My', 'favorite', 'place', 'to', 'stay', 'is', 'The', 'Midland,', 'opened', 'in', '1903', 'and', 'most', 'famous', 'for', 'being', 'the', 'meeting', 'place', 'of', 'Charles', 'Stewart', 'Rolls', 'and', 'Frederick', 'Henry', 'Royce', 'leading', 'to', 'the', 'formation', 'of', 'Rolls-Royce', 'Limited', 'in', '1906,', 'and', 'to', 'eat', 'is', 'Mr.', ""Thomas's"", 'Chophouse,', 'established', 'in', '1872.', '', 'In', 'August', '2009', 'I', 'also', 'visited', 'Liverpool,', 'which', 'is', 'a', 'UNESCO', 'World', 'Heritage', 'Site,', 'and', 'Chester,', 'which', 'is', 'known', 'for', 'its', 'black-and-white', 'architecture.<br><br>South', 'East', 'England:<br><br>In', 'November', '2005', 'I', 'traveled', 'to', 'Bray', 'to', 'have', 'lunch', 'at', 'The', 'Fat', 'Duck', '(which', 'at', 'the', 'time', 'was', 'named', 'the', 'best', 'restaurant', 'in', 'the', 'world', 'by', 'Restaurant', 'magazine)', '(http://www.thefatduck.co.uk/).', '', 'In', 'November', '2010', 'I', 'visited', 'Oxford,', 'where', 'I', 'had', 'lunch', 'at', 'the', 'Bear', 'Inn,', 'one', 'of', 'the', 'oldest', 'public', 'houses', 'in', 'Oxford,', 'dating', 'back', 'to', '1242,', 'and', 'visited', 'several', 'of', ""Oxford's"", 'excellent', 'museums,', 'including', 'the', 'Oxford', 'University', 'Museum', 'of', 'Natural', 'History', '(which', 'displays', 'the', 'most', 'complete', 'remains', 'of', 'a', 'single', 'dodo', 'anywhere', 'in', 'the', 'world),', 'the', 'Museum', 'of', 'the', 'History', 'of', 'Science', '(which', 'displays', 'a', 'blackboard', 'that', 'Albert', 'Einstein', 'used', 'during', 'his', 'lectures', 'while', 'visiting', 'Oxford', 'in', '1931)', 'and', 'the', 'Ashmolean', 'Museum.', '', 'Just', 'outside', 'Oxford', 'I', 'visited', 'Blenheim', 'Palace,', 'a', 'UNESCO', 'World', 'Heritage', 'Site.', '', 'In', 'November', '2011', 'I', 'visited', 'Canterbury,', 'including', 'the', 'Canterbury', 'Cathedral,', 'a', 'UNESCO', 'World', 'Heritage', 'Site.<br><br>South', 'West', 'England:<br><br>In', '2000,', 'I', 'visited', 'the', 'City', 'of', 'Bath', 'and', 'Stonehenge,', 'both', 'of', 'which', 'are', 'recognized', 'as', 'UNESCO', 'World', 'Heritage', 'Sites,', 'and', 'Salisbury', 'Cathedral,', 'which', 'has', 'the', 'tallest', 'church', 'spire', 'in', 'the', 'United', 'Kingdom.', '', 'In', 'November', '2011', 'I', 'visited', 'Lyme', 'Regis,', 'where', 'I', 'walked', 'along', 'the', 'Monmouth', 'Beach', 'section', 'of', 'the', 'Axmouth-Lyme', 'Regis', 'Undercliffs,', 'part', 'of', 'the', 'Dorset', 'and', 'East', 'Devon', 'Coast', 'UNESCO', 'World', 'Heritage', 'Site', '(better', 'known', 'as', 'the', 'Jurassic', 'Coast).<br><br>West', 'Midlands:<br><br>In', 'July', '2012', 'I', 'visited', 'Stratford-upon-Avon', ""(Shakespeare's"", 'birthplace', 'and', 'Church', 'of', 'the', 'Holy', 'Trinity,', 'his', 'place', 'of', 'baptism', 'and', 'burial)', 'and', 'Birmingham,', 'where', 'I', 'drank', 'at', 'The', 'Old', 'Crown,', 'the', 'oldest', 'inn', 'and', 'oldest', 'extant', 'secular', 'building', 'in', 'Birmingham', '(http://www.theoldcrown.com/).']",908,1
555,2,"['I', 'have', 'been', 'to', 'Italy', 'three', 'times.', 'These', 'are', 'the', 'cities', 'I', 'have', 'vistied:</P><P>Rome</P><P>Florence</P><P>Venice</P><P>Naples</P><P>Pompei</P><P>Piza</P><P>Capri</P>']",301,0
1599,0,"['Llivia', 'is', 'an', 'exclave', 'of', 'Spain', 'located', '2km', 'within', 'France', 'borders.', '', 'We', 'drove', 'there', 'on', 'our', 'way', 'back', 'from', 'Andorra', 'to', 'Barcelona.', '', 'We', 'visited', 'on', 'the', 'evening', 'of', 'a', 'holiday', 'weekend', 'in', 'November', 'and', 'it', 'was', 'a', 'pretty', 'dead', 'town.']",290,0
2297,98,"['On', 'March', '17,', '2010,', 'I', 'visited', 'Aruba', 'with', 'my', 'wife,', 'Karen,', 'while', 'on', 'a', 'cruise', 'out', 'of', 'Colon,', 'Panama.', '', 'We', 'toured', 'highlights', 'of', 'the', 'island', 'including', 'Baby', 'Natural', 'Bridge,', 'the', 'California', 'Lighthouse,', 'Casibari', 'Rock', 'Formations,and', 'more.', '', 'We', 'also', 'took', 'an', 'interesting', 'underwater', 'boat', 'ride', 'to', 'view', 'sea', 'life', 'and', 'a', 'sunken', 'ship.']",896,2
2625,4,"['Drove', 'through', 'Italy', 'when', 'traveling', 'from', 'Switerzland', 'to', 'France.', 'Had', 'to', 'drive', 'through', 'a', 'very', 'long', 'tunnel.', 'The', 'only', 'way', 'to', 'drive', 'through', 'the', 'mountains.<br>']",279,0
2701,11,"['Well,', 'they', 'say', 'Iceland', 'is', 'green', 'and', 'Greenland', 'is', 'icy,', 'and', 'I', 'can', 'tell', 'you', 'that,', 'that', 'statement', 'is', 'true.', 'Its', 'summer', 'here', 'and', 'I', 'never', 'saw', 'anything', 'green', 'here,', 'no', 'grass,', 'no', 'trees,', 'no', 'weeds,', 'just', 'no', 'green.', 'I', 'arrived', 'to', 'Nuuk', 'which', 'is', 'the', 'Capital', 'of', 'Greenland', 'on', 'a', 'small', 'plane,', 'the', 'airport', 'was', 'between', 'two', 'mountains', 'and', 'water', 'on', 'one', 'side,', 'once', 'the', 'plane', 'landed', 'you', 'walked', 'a', 'minute', 'to', 'the', 'building', 'and', 'a', 'minute', 'later', 'you', 'had', 'your', 'bag,', 'there', 'was', 'no', 'customs', 'or', 'immigration', 'officers,', 'no', 'bank,', 'no', 'duty', 'free,', 'nothing', 'and', 'then', 'it', 'was', '10', 'seconds', 'and', 'I', 'was', 'out', 'of', 'the', 'building', 'on', 'my', 'way,', 'I', 'was', 'told', 'that', 'the', 'town', 'was', 'a', 'five', 'minute', 'bus', 'ride', 'away', 'but', 'I', 'did', 'not', 'have', 'any', 'of', 'the', 'local', 'currency', 'but', 'as', 'usual', 'I', 'started', 'to', 'look', 'for', 'a', 'ride', 'and', 'after', 'asking', 'the', 'first', 'person', 'for', 'directions', 'he', 'offered', 'to', 'give', 'me', 'a', 'lift.', 'There', 'is', 'about', '16,000', 'people', 'in', 'the', 'capital,', 'so', 'that', 'guy', 'who', 'gave', 'me', 'the', 'ride,', 'I', 'would', 'see', 'him', 'later', 'on', 'the', 'same', 'day', 'and', 'a', 'few', 'more', 'times', 'before', 'I', 'left,', 'and', 'that’s', 'how', 'small', 'it', 'was.', 'The', 'Greenlandic', 'people', 'were', 'very', 'friendly', 'and', 'are', 'similar', 'looking', 'to', 'Eskimo’s', 'from', 'Alaska', 'the', 'other', 'type', 'of', 'people', 'that', 'are', 'there', 'are', 'Danish', 'people', 'since', 'Greenland', 'is', 'a', 'Danish', 'territory,', 'it', 'felt', 'like', 'I', 'went', 'back', 'in', 'time,', 'about', '50', 'years.', 'There', 'was', 'only', '1', 'hotel', 'in', 'the', 'whole', 'town,', '1', 'bank,', '2', 'supermarkets', 'were', 'lots', 'of', 'the', 'locals', 'would', 'hang', 'out', 'between', 'them', 'trying', 'to', 'sell', 'their', 'belongings', 'on', 'the', 'side', 'walk,', 'no', 'fast', 'food', 'chains', 'at', 'all,', '2', 'traffic', 'lights,', 'no', 'internet', 'café’s,', 'they', 'just', 'finished', 'building', 'the', 'culture', 'center', 'so', 'they', 'showed', 'films', 'there,', 'the', 'police', 'head', 'quarters', 'was', 'in', 'the', 'same', 'structure', 'as', 'the', 'parliament', 'building,', 'at', 'the', 'only', 'fish', 'market', 'they', 'sold', 'seals,', 'I', 'liked', 'it,', 'a', 'new', 'place', 'to', 'explore.', 'No', 'one', 'in', 'Greenland', 'can', 'own', 'land', 'so', 'if', 'some', 'one', 'had', 'a', 'house', 'they', 'had', 'no', 'front', 'or', 'back', 'yard;', 'there', 'were', 'also', 'many', 'ghetto', 'style', 'block', 'buildings', 'five', 'floors', 'high', 'in', 'the', 'center', 'of', 'town,', 'but', 'yet', 'the', 'town', 'as', 'a', 'whole', 'was', 'colorful,', 'the', 'roads', 'were', 'bad', 'and', 'it', 'was', 'quite', 'dirty', 'but', 'great', 'views', 'of', 'mountains', 'every', 'where,', 'great', 'scenery', 'of', 'the', 'beautiful', 'Nuuk', 'fiord', 'which', 'is', 'one', 'of', 'the', 'largest', 'fiords', 'in', 'Greenland,', 'where', 'you', 'could', 'see', 'wild', 'seals', 'and', 'icebergs', 'floating', 'by', 'and', 'the', 'whole', 'town', 'was', 'surrounded', 'by', 'water.', 'Like', 'Iceland', 'it', 'was', 'never', 'dark', 'here,', 'I', 'think', 'sunset', 'was', 'around', 'midnight', 'and', '30', 'minutes', 'later', 'it', 'was', 'sunrise.', 'I', 'would', 'say', 'I', 'was', 'there', 'about', 'four', 'hours', 'when', 'I', 'was', 'invited', 'to', 'some', 'ones', 'house', 'for', 'tea', 'the', 'host', 'wanted', 'to', 'practice', 'his', 'English', 'on', 'me,', 'he', 'said', 'he', 'did', 'not', 'speak', 'English', 'for', 'eight', 'years', 'or', 'so,', 'it', 'was', 'a', 'big', 'deal', 'for', 'his', 'family', 'to', 'have', 'me', 'visit', 'their', 'home,', 'they', 'lived', 'in', 'those', 'blocked', 'buildings,', 'there', 'I', 'tried', 'some', 'dried', 'aged', 'Polar', 'bear', 'meat.', 'I', 'could', 'live', 'with', 'out', 'it.', 'Even', 'thou', 'the', 'surroundings', 'looked', 'poor', 'and', 'Greenland', 'is', 'considered', 'a', 'third', 'world', 'country,', 'lots', 'of', 'people', 'were', 'out', 'of', 'work', 'and', 'there', 'is', 'here', 'a', 'bit', 'of', 'a', 'local', 'drinking', 'problem', 'the', 'prices', 'were', 'similar', 'to', 'Iceland,', 'unbelievable.', 'I', 'had', 'a', 'few', 'contacts', 'here', 'before', 'arriving', 'here,', 'so', 'I', 'quickly', 'got', 'in', 'touch', 'with', 'them', 'and', 'made', 'some', 'new', 'friends', 'here.', 'We', 'would', 'hang', 'out', 'together;', 'walk', 'around', 'together,', 'party', 'together,', 'and', 'go', 'boating', 'together;I', 'really', 'just', 'had', 'a', 'peaceful', 'good', 'time', 'here,', 'spending', 'time', 'with', 'them.', 'After', 'that', 'I', 'was', 'staying', 'in', 'some', 'ones', 'home', 'out', 'in', 'no', 'mans', 'land', 'just', 'enjoying', 'the', 'simple', 'life,', 'of', 'walking', 'around', 'and', 'climbing', 'mountains', 'and', 'enjoying', 'the', 'nature.', 'No', 'stress', 'and', 'no', 'schedule.']",229,4
2837,6,"['I', 'have', 'been', 'to', 'the', 'Grand', 'Cayman', 'twice', 'both', 'times', 'they', 'were', 'stops', 'on', 'a', 'cruise.', 'I', 'went', 'in', 'February', '2009', 'where', 'my', 'husband', 'proposed', 'to', 'me', 'and', 'then', 'we', 'went', 'recently', 'in', 'April', '2011', 'with', 'our', 'then', '14', 'month', 'old', 'daughter.<br><br>I', 'love', 'the', 'beaches', 'in', 'the', 'Cayman', 'island', 'the', 'water', 'is', 'so', 'pretty', 'and', 'clear.', 'Both', 'times', 'I', 'have', 'been', 'we', 'have', 'mostly', 'stayed', 'on', 'a', 'beach', 'all', 'day.', '<br><br>Grand', 'Cayman', 'does', 'have', 'a', 'nice', 'shopping', 'area,', 'lots', 'of', 'souvenir', 'shops', 'and', 'of', 'course', 'lots', 'of', 'jewelery', 'shops!<br><br>I', 'hope', 'that', 'in', 'the', 'future', 'we', 'can', 'visit', 'for', 'longer', 'than', 'a', 'day!']",187,2
3533,5,"['Tromelin', 'is', 'the', 'smallest', 'of', 'the', '4', 'Scattered', 'Islands', 'I', 'visited.', '', 'It', 'is', 'anoval', 'shaped', 'island', 'about', '1600', 'meters', '(one', 'mile)', 'long', 'and', '700', 'meters(less', 'than', 'half', 'a', 'mile)', 'wide.', '', 'It', 'is', 'covered', 'by', 'many', 'low', 'attrative', 'bushesthat', 'the', 'boobies', 'like', 'to', 'nest', 'in.', '', 'At', 'the', 'highest', 'end', '-', 'only', '7', 'meters', '-is', 'a', 'weather', 'station,', 'a', 'substantial', 'concrete', 'building', 'designed', 'towithstand', 'cyclones', 'which', 'typically', 'hit', 'the', 'island', 'every', '3', 'years.', '', 'Thereare', '40', 'or', '50', 'coconut', 'trees', 'around', 'the', 'weather', 'station.', '', 'These', 'are', 'theonly', 'trees', 'on', 'the', 'island.There', 'were', '6', 'or', '7', 'people', 'living', 'here:', 'a', 'few', 'weathermen', 'and', 'a', 'fewnaturalists', 'studying', 'birds', 'and', 'turtles.', '', 'Unlike', 'the', 'other', 'scattered', 'French', 'islands', 'in', 'the', 'Indian', 'Ocean', 'there', 'is', 'no', 'military', 'presence.The', 'other', 'major', 'features', 'of', 'the', 'island', 'is', 'that', 'it', 'is', 'shaped', 'like', 'asaucer', 'with', 'a', 'depression', 'in', 'the', 'middle', 'so', 'you', 'have', 'an', 'unobstructed', 'viewacross', 'the', 'island', 'as', 'you', 'walk', 'the', 'path', 'that', 'circumnavigates', 'it.', '', 'Thelanding', 'strip', 'fits', 'perfectly', 'lengthwise', 'on', 'the', 'island.Finally,', 'there', 'is', 'no', 'reef', 'or', 'lagoon', 'so', 'the', 'waves', 'come', 'crashing', 'into', 'theisland.', '', 'It', 'is', 'dangerous', 'to', 'swim', 'because', 'sharks', 'can', 'come', 'almost', 'to', 'theshore.', '', 'Basically,', 'the', 'island', 'is', 'a', 'coral', 'reef', 'above', 'the', 'ocean', 'so', 'all', 'yousee', 'is', 'coral', 'and', 'some', 'sand.', '', 'Half', 'of', 'the', 'beach', 'is', 'rocky.The', 'main', 'attraction', 'on', 'the', 'island', 'are', '2', 'species', 'of', 'boobies:', 'thered-footed', 'boobie', 'and', 'the', 'masked', 'boobie.', '', 'They', 'are', 'fairly', 'comfortablewith', 'people', 'so', 'you', 'can', 'come', 'within', '10', 'meters.', '', 'There', 'are', 'some', 'otherbirds', 'as', 'well.The', 'total', 'number', 'of', 'turtle', 'tracks', 'is', 'about', '4,000', 'a', 'year', 'and', 'the', 'peak', 'dayis', 'about', '20.', '', 'This', 'was', 'surprising', 'to', 'me', 'because', 'of', 'limited', 'sand', 'beaches.In', 'contrast,', 'the', 'Glorioso', 'Islands', 'have', 'superb', 'sand', 'beachs', 'for', 'turtles.Since', 'a', 'female', 'turtle', 'can', 'lay', 'eggs', 'every', '12', 'days', 'for', '3', 'to', '7', 'times.', '', 'Thismeans', 'that', 'less', 'than', '1000', 'turtles', 'a', 'year', 'visit', 'Tromlein.The', 'French', 'eradicated', 'the', 'rats', 'in', '2005,', 'but', 'there', 'are', 'still', 'some', 'mice.At', 'the', 'weather', 'station', 'there', 'are', 'hundreds', 'and', 'hundreds', 'of', 'hermit', 'crabs.Frequently,', 'one', 'crab', 'will', 'do', 'a', 'take', 'down', 'move', 'on', 'another', 'crab', 'thatusually', 'defends', 'itself', 'successfully', 'for', 'the', '5', 'minutes', 'of', 'the', 'attack,', 'butit', 'can', 'end', 'in', 'canabalism.In', 'the', 'Wikipedia', 'article', 'on', 'Tromelin,', 'one', 'can', 'read', 'the', 'story', 'of', 'theshipwreched', 'slaves', 'in', '1761.', '', 'We', 'viewed', 'the', 'anchor', 'of', 'the', 'ship', 'at', 'lowtide', 'and', '5', 'of', 'the', 'cannons', 'are', 'still', 'on', 'the', 'beach', 'after', 'all', 'these', 'years!!The', 'journalists', 'on', 'board', 'waded', 'into', 'the', 'ocean', 'to', 'see', 'the', 'other', '8', 'cannonsjust', '4', 'meters', 'off', 'the', 'beach.All', 'of', 'the', 'tourists', 'enjoyed', 'our', 'one', 'day', 'stay', 'on', 'Tromelin', 'and', 'boarded', 'thehelicopter', 'at', 'the', 'end', 'of', 'the', 'day', 'in', 'our', 'usual', 'fashion', 'to', 'return', 'to', 'the', 'Marion', 'Dufresne.Since', 'there', 'is', 'no', 'Gendarme', 'on', 'the', 'island,', 'the', 'ships', 'doctor', 'stamped', 'all', 'ofour', 'passports.']",469,3
5417,8,"['Tallinn', 'is', 'an', 'interesting', 'city', 'but', 'can', 'easily', 'be', 'seen', 'in', '1', 'day.', 'The', 'people', 'are', 'friendly', 'and', 'upbeat,', 'unlike', 'Russians', 'who', 'always', 'seem', 'depressed.', 'Tallinn', 'is', 'actually', 'only', 'a', 'short', 'ferry', 'ride', 'from', 'Helsinki,', 'Finland', 'and', 'the', 'culture', 'and', 'language', 'in', 'Estonia', 'more', 'Scandanavian', 'than', 'Russian.']",305,2
6179,0,"['Karlstejn', 'Castle', 'is', 'just', 'a', '30', 'minute', 'train', 'ride', 'from', 'downtown', 'Prague.', '', 'From', 'the', 'train', 'station,', 'travelers', 'walk', 'a', 'winding', 'cobblestone', 'path', 'up', 'through', 'Karlstejn', 'village', 'to', 'reach', 'the', 'castle,', 'although', 'there', 'are', 'often', 'horse-drawn', 'buggies', 'waiting', 'to', 'take', 'tourists', 'up', 'through', 'the', 'quaint', 'little', 'town.', '', 'The', 'castle', 'itself', 'is', 'well-preserved', 'due', 'to', 'its', 'location', 'at', 'the', 'top', 'of', 'a', 'craggy', 'outcropping', 'of', 'rock', 'which', 'made', 'it', 'so', 'well', 'protected', 'that', 'in', 'its', '400+', 'year', 'history,', 'the', 'castle', 'was', 'never', 'taken.', '', 'There', 'are', 'some', 'well-preserved', 'original', 'pieces', 'of', 'furniture', 'dating', 'back', 'to', 'the', '17th', 'century', 'that', 'were', 'used', 'by', 'the', 'castle', 'inhabitants,', 'including', 'the', 'painted', 'panels', 'from', 'a', 'dresser', 'used', 'by', 'some', 'of', 'the', 'castle', 'knights.', '', 'This', 'is', 'a', 'wonderful', 'day-trip', 'from', 'Prague', 'that', 'lets', 'you', 'ride', 'through', 'the', 'beautiful', 'Czech', 'countryside', 'and', 'get', 'away', 'from', 'the', 'crowds', 'that', 'gather', 'on', 'the', 'Charles', 'Bridge', 'and', 'in', 'the', 'Old', 'Town', 'every', 'day.']",257,1
6243,1,"['Picture', 'in', 'front', 'of', 'the', 'Vatican', '(August', '2005)...', 'during', 'my', 'semester', 'abroad.<br>Summer', 'weather', 'is', 'definitely', 'HOT!']",279,0
6295,0,"['My', 'wife', 'and', 'I', 'were', 'spending', 'a', 'couple', 'of', 'nights', 'in', 'Paris,', 'somewhere', ""we'd"", 'both', 'been,', 'so', 'we', 'decided', 'to', 'rent', 'a', 'car', 'and', 'drive', 'up', 'to', 'Luxembourg.', 'We', 'honestly', 'thought', 'there', ""wouldn't"", 'be', 'much', 'to', 'see,', 'so', 'why', 'not', 'just', 'go', 'check', 'it', 'out', 'and', 'not', 'have', 'to', 'really', 'worry', 'about', '""seeing', 'Luxembourg""', 'again.', '', '<br><br>We', 'are', 'so', 'sorry,', 'Luxembourg,', ""we'll"", 'never', 'talk', 'that', 'way', 'about', 'you', 'again.', 'This', 'place', 'is', 'one', 'of', 'the', 'most', 'picturesque', 'spots', 'on', 'the', 'planet.', 'Every', 'village', 'house', 'looks', 'like', 'a', 'dream-home,', 'and', 'the', 'countryside', 'scenery', 'is', 'amazing,', 'the', 'farmland,', 'the', 'forests...man,', 'what', 'a', 'nice', 'day.', 'We', 'are', 'definitely', 'planning', 'to', 'return', 'with', 'some', 'hiking', 'gear', 'and', 'see', 'the', 'Valley', 'of', 'the', 'Seven', 'Castles.']",292,2
6671,235,"['While', 'we', 'were', 'in', 'Berlin', 'we', 'drove', 'to', 'Potsdam', 'in', 'our', 'rental', 'car.', 'The', 'main', 'attraction', 'here', 'is', 'Sanssouci', 'a', 'residence', 'built', 'by', 'King', 'Frederick', 'the', 'Great', 'in', '1744.', 'After', 'our', 'half', 'day', 'visit', 'here', 'we', 'went', 'back', 'to', 'Berlin.']",908,9
7992,0,"['The', 'Czech', 'republic', 'is', 'a', 'great', 'city', 'for', 'backpackers.', 'To', 'be', 'honest,', 'it', 'was', 'a', 'lot', 'better', '8', 'years', 'ago', 'when', 'the', 'exchange', 'rates', 'made', 'it', 'one', 'of', 'the', 'safest', 'really', 'cheap', 'countries.', 'Today,', 'it&apos;s', 'still', 'a', 'great', 'place', 'to', 'visit.', 'To', 'save', 'dough,', 'stay', 'in', 'hostels', 'and', 'dine', 'away', 'from', 'touristy', 'areas.', 'Stay', 'away', 'from', 'the', 'absynth!</p>']",257,2
8018,5,"['Rome,', 'the', 'Eternal', 'City,', 'a', 'center', 'of', 'religion,', 'history', 'and', 'culture.', '', 'In', 'December,', '2006,', 'we', 'spent', '4', 'wonderful', 'days', 'in', 'Rome.', '', 'Although', 'we', 'had', 'been', 'to', 'Rome', 'before', 'on', 'a', 'short', 'visit,', 'this', 'was', 'the', 'first', 'chance', 'where', 'we', 'could', 'really', 'spend', 'some', 'time,', 'wander', 'the', 'streets', 'and', 'take', 'a', 'leisurely', 'visit', 'to', 'many', 'of', 'the', 'famous', 'places.', '', 'We', 'stayed', 'in', 'at', 'the', 'Hotel', 'Settembre', '95,', 'a', 'small', 'boutique', 'hotel', 'located', 'within', 'a', 'reasonable', 'walk', 'to', 'many', 'of', 'the', 'sites', 'in', 'Rome.', '', 'And', 'walk', 'we', 'did.', '', 'While', 'we', 'saw', 'much,', 'we', 'feel', 'like', 'we', ""didn't"", 'even', 'scratch', 'the', 'surface.', '', 'We', 'could', 'have', 'spent', 'weeks', 'and', 'still', 'not', 'take', 'it', 'all', 'in.', '', 'Each', 'day,', 'we', 'centered', 'our', 'explorations', 'around', 'a', 'particular', 'area.', '', 'One', 'day', 'we', 'did', 'historic', 'Rome', 'and', 'Palantine', 'Hill,', 'on', 'another,', 'the', 'Vatican', 'area,', 'on', 'another', 'the', 'downtown,', 'and', 'on', 'the', 'last', 'day', 'we', 'ventured', 'outside', 'Rome', 'down', 'the', 'old', 'Appian', 'way.', '<br>Our', 'first', 'day,', 'we', 'spent', 'time', 'exploring', 'the', 'historical', 'ancient', 'Rome.', '', 'Surrounded', 'by', 'such', 'antiquity', 'and', 'beauty,', 'we', 'allowed', 'ourselves', 'to', 'get', 'lost', 'in', 'the', 'life', 'of', 'the', 'ancient', 'Etruscans', 'and', 'Romans.', '', 'Visiting', 'such', 'sites', 'as', 'the', 'Coliseum,', 'Palantine', 'Hill,', 'the', 'Forum,', 'and', 'countless', 'temples,', 'statues,', 'arches', 'and', 'monuments,', 'we', 'learned', 'much', 'about', 'the', 'history', 'of', 'this', 'fascinating', 'city.', '', 'The', 'Michelin', 'Green', 'guide', 'was', 'an', 'invaluable', 'tool', 'for', 'us', 'and', 'for', 'anyone', 'who', 'travels', 'and', 'is', 'interested', 'in', 'the', 'history', 'and', 'culture', 'of', 'an', 'area.<br>The', 'next', 'day,', 'we', 'took', 'the', 'bus', 'across', 'the', 'river', 'to', 'the', 'land', 'of', 'the', '""Holy', 'See"",', 'but', 'I', 'will', 'cover', 'that', 'in', 'that', 'report.<br>The', 'third', 'day,', 'was', 'reserved', 'for', 'visiting', 'the', 'more', 'modern', 'center', 'of', 'the', 'city', 'and', 'for', 'shopping.', '', 'Wandering', 'the', 'Via', 'Veneto,', 'Quirinale,', 'Castro', 'Pretorio,', 'Repubblica,', 'and', 'Trevi', 'neighborhoods', 'we', 'visited', 'an', 'outdoor', 'Christmas', 'market', 'at', 'Piazza', 'Navona', 'along', 'with', 'many', 'shops', 'and', 'small', 'churches..', '', 'We', 'bought', 'some', 'Christmas', 'presents', 'as', 'well', 'as', 'ogled', 'over', 'all', 'of', 'the', 'expensive', 'designer', 'items', 'available', 'in', 'such', 'abundance.', '', 'We', 'also', 'found', 'time', 'to', 'just', 'sit', 'and', 'relax,', 'at', 'a', 'sidewalk', 'cafe,', 'as', 'well', 'as', 'on', 'the', 'famous', 'Spanish', 'Steps,', 'talking,', 'and', 'watching', 'the', 'throngs', 'of', 'interesting', 'people', 'pass', 'us', 'by.<br>On', 'our', 'final', 'day', 'we', 'decided', 'to', 'venture', 'outside', 'the', 'city,', 'taking', 'a', 'bus', 'and', 'visiting', 'the', 'ancient', 'Christian', 'Catacombs', 'and', 'the', 'old', 'aqueduct', 'along', 'the', 'Via', 'Appia', 'Antica', '(the', 'Appian', 'Way).', '', 'A', 'very', 'interesting', 'and', 'worthwhile', 'trip.', '', 'Not', 'only', 'did', 'we', 'learn', 'alot', 'about', 'ancient', 'Christian', 'history,', 'but', 'also', 'enjoyed', 'a', 'nice', 'jaunt', 'down', 'a', 'very', 'historical', 'road.<br>Oh', 'yes,', 'one', 'more', 'thing.', '', 'We', 'made', 'sure', 'to', 'throw', 'a', 'coin', 'over', 'our', 'shoulder', 'into', 'Trevi', 'Fountain.', '', 'That', 'way,', 'according', 'to', 'legend,', 'we', 'will', 'be', 'assured', 'that', 'we', 'will', 'be', 'returning', 'to', 'this', 'magical', 'city.<br>']",891,4
8070,0,"['Still', 'my', 'favorite', 'beach', 'on', 'the', 'planet,', 'where', 'you', 'can', 'walk', 'for', 'miles', 'without', 'seeing', 'another', 'person.', 'Cristal', 'clear', 'water', 'and', 'sugary', 'sands.No', 'large', 'hotel', 'chains,', 'except', 'the', 'real', 'exclusive', 'ones', 'have/or', 'are', 'building:', 'Mandarin', 'Oriental/Aman/Ritz', 'Carlton.', 'No', 'chain', 'restuarants', 'like', 'the', 'Caymans.', 'Its', 'the', 'place', 'I', 'go', 'to', 'chill', 'out', 'completely', 'after', 'gruelling', 'business', 'travel.', 'And', 'its', 'only', 'an', 'houror', 'so', 'flight', 'from', 'Miami.Started', 'to', 'write', 'my', 'second', 'book,', 'as', 'the', 'tranquility', 'allows', 'me', 'to', 'think.Check', 'out', 'the', 'first', 'at', 'www.malcolmjteasdale.com.', '""Travel', 'Diaries', 'of', 'an', 'Atypical', 'Businessman""']",218,1
8196,0,"['The', 'people', 'were', 'wonderful', 'and', 'the', 'beaches', 'were', 'well-maintained.', 'I', 'would', 'not', 'want', 'to', 'visit', 'amid', 'the', 'herds', 'of', 'cruise', 'ship', 'tourists.', 'Some', 'shop', 'owners', 'commented', 'negatively', 'about', 'cruise', 'ship', 'shoppers', 'so', 'I', 'was', 'glad', 'I', 'was', 'in', 'a', 'small', 'group', 'of', 'four.', 'If', 'I', 'were', 'to', 'draw', 'the', 'memories,', ""I'd"", 'use', 'every', 'color', 'of', 'blue', 'and', 'green', 'in', 'the', 'crayon', 'box.', 'Grand', 'Cayman', ""wasn't"", 'as', 'green', 'as', 'Jamaica', 'but', 'the', 'turquoise', 'water', 'and', 'clear', 'blue', 'sky', 'are', 'unparalleled.']",187,1
10510,0,"['Andalusia', 'is', 'amazing.', 'It´s', 'always', 'hotter', 'than', 'the', 'rest', 'of', 'Spain,', 'so', 'going', 'in', 'November', 'meant', 'perfect', 'weather!', 'The', 'Mezquita', 'in', 'Córdoba', 'is', 'a', 'must', 'see.', 'Sevilla', 'is', 'nice', 'as', 'well,', 'and', 'the', 'Cathedral', 'there', 'is', 'huge.', 'Although', 'personally,', 'I´m', 'more', 'excited', 'to', 'go', 'to', 'the', 'Alhambra', 'in', 'Granada', 'in', 'May!', '']",832,1
10544,0,"['Highlights:', 'Lecce', '(a', 'Baroque', 'confection),', 'Alberobello', '(where', 'you', 'can', 'see', 'the', 'conical-roofed', 'trulli),', 'Locorotonda', '(the', 'pale', 'local', 'sandstone', 'gives', 'the', 'old', 'town', 'a', 'lovely', 'glow),', 'Gallipoli', '(go', 'before', 'noon', 'to', 'the', 'fishermen', 'mend', 'their', 'nets', 'all', 'around', 'the', 'harbor),', 'Squinzano', '(a', 'small', 'town', 'with', 'a', 'lovely', 'main', 'square', 'where', 'a', 'faded', 'image', 'of', 'Mussolini', 'still', 'appears', 'on', 'one', 'of', 'the', 'buildings)', 'the', 'Negroamaro', 'wines,', 'Trani', '(a', 'gorgeous', 'port', 'with', 'an', 'austerely', 'beautiful', 'cathedral,', 'fishing', 'and', 'pleasure', 'boats', 'in', 'the', 'capacious', 'harbor,', 'and', 'a', 'spectacular', 'public', 'garden', 'by', 'the', 'sea),', 'and', 'of', 'course', 'the', 'very', 'unique', 'Castel', 'del', 'Monte.\r\n\r\nLess', 'interesting:', 'Bari,', 'the', 'capital.', 'While', 'I', 'met', 'many', 'warm', 'and', 'friendly', 'residents,', 'Bari', 'is', 'still', 'pretty', 'gritty', 'place', 'and', ""Bari\\'s"", 'Centro', 'Storico', 'is', 'to', 'be', 'avoided', 'during', 'siesta', 'when', 'the', 'shops', 'are', 'closed.', '', 'I', 'was', 'mugged', 'at', '3', 'in', 'the', 'afternoon;', 'fortunately,', 'the', 'thief', 'was', 'unarmed', '(and', 'ultimately', 'unsuccessful,', 'but', 'not', 'without', 'a', 'fight.)']",893,0
11633,24,"['Walking', 'around', 'Belfast,', 'the', 'sun', 'would', 'soon', 'disappear,', 'but', ""that\\'s"", 'why', 'every', 'tourist', 'should', 'carry', 'an', 'umbrella,', 'right?', '', 'This', 'was', 'a', 'day', 'trip', 'by', 'bus', 'from', 'our', 'home', 'base', 'in', 'Dublin.']",805,1
11757,0,"['I', 'went', 'for', 'a', 'friend&apos;s', 'wedding.', 'If', 'you&apos;re', 'a', 'budget', 'traveler', 'and', 'you', 'ever', 'want', 'to', 'go', 'to', 'providenciales', 'try', 'the', 'turtle', 'cove', 'inn.', 'Definitely', 'not', 'the', 'nicest', 'place', 'I&apos;ve', 'ever', 'stayed', 'but', 'it', 'was', 'good', 'enough', 'and', 'way', 'cheaper', 'than', 'the', 'majority', 'of', 'resorts', 'on', 'the', 'island.', 'Plus', 'its', 'right', 'next', 'door', 'to', 'scooter', 'bob&apos;s', 'car', 'rental.', 'They', 'left', 'a', 'car', 'for', 'me', 'at', 'the', 'airport', 'and', 'with', 'the', 'money', 'I', 'saved', 'on', 'accomidations', 'I', 'was', 'able', 'to', 'see', 'the', 'whole', 'island.']",218,1
12216,1,"['', '']",906,0
12762,8,"['My', 'camino', 'to', 'Espana', 'was', 'a', 'phenominal', 'experience.', 'I', 'visited', 'the', 'southern', 'part', 'of', 'spain', 'during', 'my', 'trip,', 'seeing', 'cities', 'like', 'Malaga,', 'Granada,', 'Marbella,', 'and', 'Algeciras.', 'My', 'favorite', 'city', 'was', 'Granada,', 'where', 'we', 'spent', 'the', 'majority', 'of', 'our', 'time,', 'and', 'the', 'Alhambre', 'was', 'very', 'cool.', 'We', 'actually', 'stayed', 'in', 'a', '16th', 'century', 'convent,', 'which', 'was', 'an', 'interesting', 'experience.', 'While', 'we', 'were', 'in', 'Spain,', 'the', 'Spanish', 'national', 'team', 'won', 'the', '2008', 'Euro', 'Cup', 'soccer', 'championship,', 'so', 'it', 'was', 'awesome', 'seeing', 'all', 'of', 'the', 'celebrations', 'in', 'the', 'street,', 'the', 'fireworks,', 'and', 'the', 'hyped', 'up', 'Spanish', 'people.<br><br>All', 'in', 'all,', 'Spain', 'was', 'incredible', '-', 'the', 'terrain,', 'the', 'food,', 'the', 'isghts,', 'and', 'most', 'defiantely,', 'the', 'people', 'will', 'always', 'remain', 'in', 'my', 'heart.', 'Hasta', 'luego,', 'mi', 'Espana!', '']",832,1
12953,0,"['While', 'staying', 'with', 'friends', 'near', 'Stuttgart', 'I', 'got', 'up', 'very', 'early', 'in', 'the', 'morning', 'and', 'drove', 'about', '90', 'minutes', 'down', 'to', 'Büsingen,', 'and', 'then', 'back,', 'returning', 'in', 'time', 'for', 'a', 'late', 'breakfast.', 'It', 'was', 'not', 'as', 'easy', 'to', '', 'find', 'as', 'I', 'had', 'expected,', 'but', 'the', 'beautiful', 'countryside', 'I', 'drove', 'through', 'was', 'well', 'worth', 'the', 'extra', 'effort.', 'It', 'was', 'interesting', 'to', 'cross', 'an', 'international', 'border', 'four', 'times', 'within', 'a', 'fifteen', 'minute', 'period', '...', 'Germany', '1', 'Switzerland', '2', 'Germany', '3', 'Switzerland', '4', 'Germany.']",248,0
13093,0,"['Flew', 'into', 'and', 'spent', 'a', 'couple', 'days', 'in', 'Athens.', 'Met', 'up', 'with', 'a', 'local', 'friend', 'and', 'checked', 'out', 'some', 'clubs', 'in', 'the', 'Technopolis', 'area', 'of', 'the', 'city.', 'Rented', 'a', 'car', 'and', 'headed', 'South', 'to', 'the', 'cities', 'of', 'Nafplion,', 'Gythio,', 'and', 'Sparta.', 'This', 'southern', 'peninsular', 'region', 'of', 'Greece', 'was', 'my', 'favorite', 'of', 'the', 'country.', 'This', 'is', 'where', 'all', 'the', 'roadside', 'stops', 'and', 'hidden', 'wonders', 'are', 'discovered.', 'Larissa', 'Castle,', 'the', 'sprawling', 'orange', 'groves', 'and', 'the', 'Mythras', 'ruins', 'are', 'unforgettable.', 'We', 'were', 'there', 'in', 'the', 'off', 'season', 'and', 'most', 'everything', 'was', 'empty', 'of', 'other', 'tourists.', 'Returning', 'to', 'Athens,', 'we', 'boarded', 'an', 'overnight', 'ferry', 'to', 'Heraklion,', 'Crete.', 'Again', 'a', 'car', 'was', 'rented', 'and', 'we', 'drove', 'into', 'the', 'mountains', 'of', 'Crete,', 'topping', 'out', 'at', 'Mt.', 'Ida,', 'and', 'the', 'legendary', 'cave', 'where', 'the', 'baby', 'Zeus', 'was', 'hidden', 'and', 'raised.', 'We', 'caught', 'another', 'ferry', 'and', 'sailed', 'from', 'the', 'Eastern', 'end', 'of', 'the', 'island', 'to', 'Santorini.', 'Rent', ""ATV's"", 'and', 'tour', 'the', 'island', 'on', 'your', 'terms.', ""You're"", 'able', 'to', 'drive', 'on', 'the', 'highways', 'and', 'even', 'the', 'beaches.', '']",270,0
14140,0,"['I', 'am', 'currently', 'writing', 'this', 'blog', 'from', 'Pitcairn', 'Island.', '', 'I', 'left', 'Mangarevea,', 'Gambier', 'Islands,', 'French', 'Polynesia', 'on', 'Feb.8,', '2010,', 'sailing', 'to', 'Pitcairn', 'Island', 'on', 'the', 'Southern', 'Cross.', '', 'We', 'stopped', 'at', 'Oeno', 'Island,', 'where', 'I', 'was', 'able', 'to', 'make', 'a', 'landing.', '', 'Then', 'to', 'Pitcairn', 'Island,', 'where', 'all', 'of', 'us', 'got', 'ashore.', '', 'From', 'Pitcairn,', 'we', 'sailed', 'to', 'Henderson', 'and', 'Ducie', 'Islands', '(successful', 'landings)', 'and', 'now', 'back', 'to', 'Pitcairn.', '', '', 'Pitcairn', 'is', 'wonderful', '(people,', 'food,', 'terrain,', 'etc)', 'as', 'are', 'the', 'other', 'islands', '(with', 'various', 'species', 'of', 'birds', 'and', 'crabs,', 'but', 'uninhabited).', '', 'I', 'highly', 'recommend', 'this', 'wonderful,', 'but', 'undertouristed,', 'destination.', '', '']",57,1
14937,0,"['My', 'ship,', 'the', 'MV', 'Houston,', 'brought', 'containerized', 'supplies', 'to', 'Ascension', 'Island', 'in', 'August', '2014.', 'We', 'loaded', 'the', 'containers', 'in', 'Port', 'Canaveral,', 'Florida.', 'The', 'majority', 'of', 'the', 'containers', 'were', 'from', 'Patrick', 'AFB', 'nearby', 'in', 'Florida.', 'The', 'goods', 'were', 'mostly', 'supplies', 'for', 'the', 'US', 'Air', 'Force', 'base', 'on', 'the', 'island', '(items', 'for', 'their', 'commissary', 'and', 'exchange,', 'as', 'well', 'as', ""individuals\\'"", 'personal', 'effects).', 'There', 'were', 'some', 'commercial', 'containers', 'as', 'well.\r\n', '', '', 'Ascension', 'Island', ""doesn\\'t"", 'have', 'a', 'dock', 'for', 'cargo', 'or', 'ocean', 'going', 'ships.', 'We', 'anchored', 'a', 'mile', 'or', 'so', 'off', 'of', 'Georgetown', 'and', 'motorized', 'barges', 'came', 'alongside', 'during', 'daylight', 'hours', 'and', 'our', ""ship\\'s"", 'cranes', 'discharged', 'two', 'containers', 'onto', 'each', 'barge.', 'Ascension', 'Island', 'had', 'experienced', 'a', 'large', 'storm', 'right', 'before', 'we', 'arrived', 'so', 'there', 'was', 'a', 'large', 'ocean', 'swell', 'that', 'made', 'the', 'discharge', 'more', 'challenging', 'and', 'dangerous.\r\n', '', '', 'After', 'receiving', 'its', 'quota', 'of', '2', 'boxes', 'the', 'barge', 'would', 'go', 'to', 'the', 'shore', 'where', 'a', 'shore-based', 'crane', 'would', 'lift', 'the', 'boxes', 'off', 'the', 'barge', 'and', 'put', 'them', 'on', 'a', 'truck', 'to', 'bring', 'them', 'to', 'their', 'destination.', 'Later', 'after', 'the', 'containers', 'were', 'emptied', 'of', 'their', 'contents', 'they', 'were', 'brought', 'back', 'to', 'the', 'ship', 'for', 'return', 'to', 'the', 'US.']",221,0
18005,2,"['<p>Thought', 'map-lovers', 'would', 'enjoy', 'this', 'little', 'ditty', 'about', 'the', 'Shetlands:&nbsp;&nbsp;<a', 'href=""https://npr.org/2018/10/07/655460785/a-new-law-for-scotland-nobody-puts-shetland-in-a-box?utm_medium=RSS&amp;utm_campaign=news"">Shetland', 'maps</a></p>\n\n<p>https://www.npr.org/2018/10/07/655460785/a-new-law-for-scotland-nobody-puts-shetland-in-a-box?utm_medium=RSS&amp;utm_campaign=news', '(Can&#39;t', 'get', 'the', 'link', 'feature', 'to', 'work)</p>\n\n<p>&nbsp;</p>\n']",314,1
22488,25,"['Bucharest', '-', 'Thursday,', 'November', '01,', '2007\r\n', 'I', 'saw', 'the', 'second', 'largest(total', 'mass)', 'building', 'in', 'the', 'world,', 'the', 'first', 'being', 'the', 'Pentagon.', 'I', 'stumbled', 'upon', 'it', 'as', 'I', 'had', 'no', 'travel', 'guide', 'to', 'Romania', 'or', 'Bucharest', 'and', 'no', 'idea', 'what', 'to', 'see', 'or', 'where', 'to', 'go', 'after', 'arriving', 'at', 'the', 'train', 'station', 'from', 'Bulgaria.', '', 'Romanian', 'dictator,', 'Nicolae', 'Ceausescu,', 'wanted', 'it', 'to', 'be', 'the', 'biggest', 'but', 'just', 'as', 'it', 'was', 'nearing', 'completeion', 'in', '1989', 'the', 'wall', 'came', 'down', 'and', 'he', 'had', 'to', 'escape', 'the', 'mob', 'from', 'the', 'top', 'of', 'the', 'palace', 'by', 'helicopter.', 'He', 'was', 'later', 'caught', 'and', 'executed', 'along', 'with', 'his', 'wife', 'by', 'firing', 'squad', 'on', 'Christmas', 'Day.']",829,3
23057,1,"['Monday', 'morning,', 'we', 'woke', 'up', 'and', 'went', 'to', 'Bobis', 'along', 'the', 'Riva', 'Promenade', 'for', 'some', 'pastries', 'for', 'breakfast.', 'The', 'storm', 'the', 'night', 'before', 'had', 'cleared', 'out', 'and', 'it', 'was', 'just', 'beautiful', 'along', 'the', 'riva.', 'I', 'was', 'surprised', 'to', 'see', 'all', 'the', 'beautiful', 'palm', 'trees', 'along', 'here.', '', 'After', 'eating,', 'we', 'swung', 'by', 'a', 'bank', 'ATM', 'to', 'withdraw', 'kuna', 'and', 'then', 'headed', 'to', ""Diocletian's"", 'Palace.', '', 'As', 'one', 'of', 'the', 'top', 'tourist', 'attractions', 'in', 'Split,', 'it', 'was', 'quite', 'crowded.', '', 'Vendors', 'were', 'set', 'up', 'all', 'along', 'the', 'pedestrian', 'streets', 'in', 'the', 'palace,', 'but', 'it', 'was', 'too', 'crowded', 'to', 'really', 'browse.', '', 'So', 'we', 'bought', 'tickets', 'to', 'explore', 'the', 'basement', 'areas.', '', 'We', 'first', 'walked', 'around', 'the', 'western', 'wing.', '', 'This', 'ancient', 'palace', 'was', 'really', 'beautiful', 'and', 'it', 'was', 'just', 'amazing', 'to', 'be', 'walking', 'around', 'such', 'an', 'old', 'structure.', '', 'Despite', 'its', 'age,', 'the', 'palace', 'was', 'in', 'remarkably', 'good', 'shape', 'and', 'the', 'supporting', 'columns', 'and', 'structures', 'were', 'beautiful.', '', 'A', 'number', 'of', 'old', 'artifacts', 'were', 'laying', 'about', 'in', 'the', 'basement', 'area,', 'including', 'old', 'bowls,', 'stone', 'plaques,', 'and', 'sarcophagi.', '', 'A', 'few', '3500-year', 'old', 'sphinxes', 'were', 'found', 'in', 'this', 'area,', 'which', 'the', 'emperor', 'had', 'procured', 'from', 'Egypt.', '', 'Unfortunately,', 'most', 'were', 'beheaded', 'as', 'later', 'Christians', 'considered', 'them', 'idols.', '', 'In', 'a', 'couple', 'spots', 'of', 'the', 'basement,', 'parts', 'of', 'the', 'palace', 'had', 'collapsed,', 'but', 'fortunately,', 'restoration', 'work', 'is', 'in', 'progress.', '', 'We', 'also', 'found', 'a', 'bust', 'of', 'Diocletian', 'himself,', 'though', 'I', ""don't"", 'think', 'that', 'dated', 'from', 'his', 'era.', '', 'After', 'exploring', 'this', 'side', 'for', 'a', 'while,', 'we', 'headed', 'over', 'to', 'the', 'east', 'wing', 'that', 'had', 'similar', 'features', 'but', 'not', 'as', 'many', 'rooms', 'were', 'open.', '', 'Here,', 'we', 'saw', 'a', 'couple', 'of', 'people', 'dressed', 'as', 'Roman', 'soldiers', 'and', 'followed', 'them', 'outside', 'to', 'where', 'they', 'had', 'a', 'short', 'performance', 'with', 'the', 'emperor', 'himself', 'coming', 'out', 'to', 'address', 'the', 'crowd.', '', 'Out', 'here', 'in', 'the', 'courtyard', 'was', 'an', 'intact', 'sphinx', 'from', 'Egypt,', 'one', 'of', 'the', 'only', 'that', ""wasn't"", 'beheaded.', '', 'At', 'one', 'part', 'of', 'the', 'courtyard,', 'beautiful', 'flowers', 'were', 'growing', 'up', 'the', 'walls.', '', 'Exploring', 'further', 'around', 'the', 'palace,', 'we', 'headed', 'through', 'the', 'vestibule', 'and', 'came', 'across', 'a', 'jewelry', 'shop', 'where', 'a', 'lady', 'was', 'making', 'glass', 'jewelry.', '', 'It', 'was', 'interesting', 'watching', 'her', 'work', 'with', 'the', 'glass', 'and', 'I', 'bought', 'Sandy', 'a', 'pendant', 'before', 'we', 'left.', '', 'Next,', 'we', 'headed', 'to', 'the', 'cathedral', 'to', 'see', 'some', 'of', 'the', 'other', 'sights.', '', 'Our', 'first', 'stop', 'was', 'the', 'treasury', 'that', 'had', 'a', 'number', 'of', 'beautiful', 'artifacts', 'on', 'display,', 'but', 'no', 'photography', 'was', 'permitted.', '', 'The', 'relics', 'of', 'Saint', 'Domnius', 'as', 'well', 'as', 'beautiful', 'chalices', 'and', 'and', 'ornate', 'crosses,', 'paintings,', 'and', 'old', 'manuscripts.', '', '', 'Next,', 'we', 'walked', 'though', 'the', 'cathedral', 'which', 'was', 'truly', 'beautiful,', 'inside', 'and', 'out.', '', 'There', 'were', 'several', 'altars', 'that', 'were', 'so', 'elaborate.', '', 'This', 'is', 'one', 'of', 'the', 'oldest', 'Catholic', 'cathedrals', 'in', 'the', 'world', 'still', 'in', 'its', 'original', 'structure.', '', 'From', 'here,', 'we', 'headed', 'up', 'the', 'bell', 'tower.', '', 'Initially,', 'we', 'climbed', 'up', 'some', 'very', 'narrow', 'and', 'steep', 'stone', 'stairs', 'up', 'about', 'half', 'way', 'and', 'then', 'climbed', 'up', 'metal', 'stairs', 'to', 'the', 'top.', '', 'It', 'was', 'crowded,', 'but', 'at', 'each', 'point', 'we', 'stopped,', 'the', 'views', 'just', 'kept', 'getting', 'better', 'and', 'better.', '', 'First,', 'we', 'ascended', 'to', 'the', 'level', 'of', 'nearby', 'rooftops,', 'then', 'a', 'higher', 'above', 'the', 'roofs', 'and', 'finally', 'to', 'the', 'top', 'with', 'great', '360-degree', 'views', 'of', 'Split', 'and', 'the', 'surrounding', 'mountains.', '', 'We', 'could', 'see', 'all', 'the', 'buildings', 'with', 'their', 'orange', 'roofs,', 'Marjan', 'hill', 'in', 'the', 'distance', 'and', 'the', 'gorgeous', 'coastline.', '', 'A', 'storm', 'was', 'brewing', 'and', 'it', 'was', 'fantastic', 'watching', 'the', 'clouds', 'roll', 'in', 'from', 'here.', '', 'Looking', 'down,', 'I', 'could', 'see', 'the', 'open', 'ceiling', 'of', 'the', 'vestibule', 'we', 'had', 'walked', 'down', 'earlier.', '', 'Heading', 'back', 'down', 'the', 'stairs,', 'we', 'descended', 'into', 'the', 'crypt,', 'which', 'was', 'the', 'former', 'mausoleum', 'of', 'Emperor', 'Diocletian.', '', 'Finally,', 'we', 'swung', 'by', 'the', 'Temple', 'of', 'Jupiter', 'that', 'had', 'been', 'converted', 'into', 'a', 'baptistery', 'dedicated', 'to', 'St.', 'John.', '', 'The', 'ceiling', 'inside', 'the', 'temple', 'was', 'really', 'ornate', 'and', 'beautiful.', '', 'As', 'we', 'left', 'the', 'temple,', 'it', 'started', 'raining', 'lightly', 'and', 'we', 'were', 'getting', 'hungry', 'so', 'we', 'got', 'lunch', 'nearby.', '', 'Seafood', 'is', 'very', 'popular', 'along', 'the', 'Dalmatian', 'coast,', 'but', ""I'm"", 'not', 'a', 'big', 'fan.', '', 'Fortunately,', 'there’s', 'a', 'strong', 'Italian', 'influence', 'so', 'I', 'was', 'always', 'able', 'to', 'find', 'something', 'I', 'liked.', '', 'After', 'a', 'late', 'lunch,', 'we', 'swung', 'by', 'the', 'office', 'for', 'Portal', 'Tours', 'to', 'pay', 'for', 'our', 'tours', 'for', 'the', 'week', 'and', 'get', 'our', 'vouchers.', '', 'Then', 'we', 'started', 'walking', 'towards', 'Marjan', 'Hill.', '', 'There', 'were', 'a', 'lot', 'of', 'stairs', 'and', 'uphill', 'through', 'the', 'old', 'Veli', 'Varoš', 'district', 'to', 'Vidilica', 'cafe.', '', 'The', 'overlooks', 'here', 'provided', 'great', 'views', 'of', 'Split', 'and', 'the', 'harbor', 'down', 'below,', 'but', 'this', 'is', 'only', 'part', 'of', 'the', 'way', 'up', 'the', 'hill.', '', 'Trails', 'and', 'roads', 'lead', 'up', 'the', 'hill', 'and', 'it', 'was', 'a', 'very', 'pleasant', 'hike.', '', 'Along', 'the', 'way,', 'we', 'saw', 'lots', 'of', 'enormous', 'aloe', 'plants.', '', 'We', 'also', 'passed', 'by', 'the', 'Church', 'of', 'St.', 'Nicholas.', '', 'It', 'was', 'a', 'small', 'church', 'and', 'the', 'door', 'was', 'locked', 'so', 'we', ""couldn't"", 'go', 'inside,', 'but', 'I', 'put', 'my', 'camera', 'through', 'a', 'hole', 'to', 'get', 'a', 'picture', 'of', 'the', 'interior.', '', 'Continuing', 'on,', 'the', 'trail', 'came', 'out', 'at', 'the', 'site', 'of', 'a', 'former', 'zoo', 'and', 'then', 'led', 'up', 'to', 'the', 'top', 'of', 'Marjan', 'Hill', 'where', 'the', 'Croatian', 'flag', 'was', 'flying.', '', 'From', 'up', 'here,', 'we', 'had', 'a', 'great', 'view', 'of', 'Split', 'from', 'above,', 'but', 'the', 'view', 'west', 'towards', 'the', 'sunset', 'was', 'blocked.', '', 'So', 'after', 'a', 'few', 'pictures,', 'we', 'headed', 'back', 'down', 'and', 'had', 'dinner', 'and', 'cocktails', 'along', 'the', 'Riva.', '', 'The', 'harbor', 'was', 'beautiful', 'at', 'night.', '', 'After', 'dinner,', 'we', 'headed', 'to', 'bed', 'as', 'we', 'had', 'a', 'long', 'day', 'planned', 'for', 'tomorrow.\r\n\r\nTuesday', 'morning,', 'we', 'woke', 'up', 'early', 'and', 'grabbed', 'some', 'pastries', 'from', 'Bobis', 'before', 'heading', 'to', 'the', 'bus', 'stop', 'for', 'our', 'tour', 'to', 'Plitvice', 'Lakes.', '', 'It’s', 'a', 'long', 'drive', '–', '3', 'to', '4', 'hours', '–', 'so', 'we', 'had', 'to', 'start', 'early.', '', 'Our', 'tour', 'guide', 'was', 'Mario', 'and', 'our', 'driver', 'was', 'Tiho.', '', 'We', 'absolutely', 'loved', 'them', '–', 'our', 'favorite', 'guides', 'of', 'the', 'week.', '', 'During', 'the', 'long', 'drive,', 'Mario', 'kept', 'us', 'entertained', 'by', 'teaching', 'us', 'about', 'Croatian', 'history', 'and', 'culture', 'and', 'a', 'few', 'words', 'in', 'Croatian', '(though', 'he', 'wouldn’t', 'teach', 'us', 'any', 'bad', 'words!).', '', 'Right', 'away,', 'we', 'passed', 'by', 'the', 'fortress', 'of', 'Klis,', 'which', 'is', 'where', 'Mereen', 'in', 'Game', 'of', 'Thrones', 'is', 'filmed.', '', 'As', 'we', 'headed', 'deeper', 'into', 'hinterland,', 'Mario', 'pointed', 'out', 'how', 'the', 'trees', 'and', 'plantlife', 'were', 'stunted', 'due', 'to', 'high', 'winds', 'coming', 'off', 'the', 'sea.', '', 'We', 'made', 'a', 'quick', 'stop', 'for', 'snacks', 'at', 'a', 'gas', 'station', 'near', 'Maslenica', 'where', 'we', 'could', 'see', 'the', 'Velebit', 'Mountains.', '', 'We', 'would', 'pass', 'through', 'this', 'mountain', 'shortly.', '', 'After', 'our', 'stop,', 'we', 'drove', 'through', 'Sveti', 'Rok', 'Tunnel,', 'passing', 'through', 'the', 'Velebit', 'Mountains.', '', 'This', 'was', 'the', 'longest', 'tunnel', 'in', 'Croatia', 'at', 'nearly', '6', 'km.', '', '', 'Through', 'the', 'tunnel,', 'we', 'left', 'the', 'Dalmatia', 'region', 'and', 'entered', 'Lika.', '', 'On', 'this', 'side', 'of', 'the', 'mountain,', 'protected', 'from', 'the', 'strong', 'winds', 'by', 'the', 'mountains,', 'the', 'land', 'was', 'all', 'forested.', '', 'Amazing', 'what', 'a', 'difference', 'the', 'side', 'of', 'the', 'mountain', 'makes.', '', 'We', 'continued', 'for', 'another', 'hour', 'or', 'so,', 'finally', 'arriving', 'at', 'Plitvice', 'Lakes', 'National', 'Park', 'around', '11', 'at', 'entrance', '2.', '', 'After', 'Mario', 'got', 'our', 'tickets,', 'we', 'entered', 'the', 'park', 'and', 'took', 'a', 'short', 'boat', 'ride', 'across', 'Lake', 'Kozjak', 'to', 'begin', 'our', 'hike', 'around', 'the', 'Upper', 'Lakes.', '', 'Boardwalks', 'wrap', 'around', 'the', 'many', 'lakes', 'here,', 'each', 'separated', 'by', 'the', 'most', 'beautiful', 'waterfalls.', '', 'The', 'park', 'was', 'very', 'crowded,', 'despite', 'being', 'shoulder', 'season,', 'so', 'walking', 'around', 'on', 'the', 'boardwalks', 'was', 'slow', 'going.', '', 'We', 'passed', 'by', 'a', 'few', 'smaller,', 'presumably', 'unnamed', 'waterfalls,', 'and', 'soon', 'arrived', 'at', 'the', 'first', 'named', 'waterfall', 'Veliki', 'Prštavac,', 'at', '28', 'm', 'high.', '', 'This', 'is', 'the', 'second', 'highest', 'waterfall', 'in', 'the', 'park.', '', 'It', 'was', 'a', 'real', 'beauty,', 'but', 'was', 'flowing', 'strongly', 'and', 'produced', 'a', 'lot', 'of', 'mist.', '', 'Continuing', 'on,', 'we', 'then', 'made', 'it', 'to', 'Mali', 'Prštavac,', 'a', 'similar', 'waterfall', 'at', '18', 'm.', '', 'Next,', 'we', 'came', 'to', 'Galova&#269;ki', 'Buk.', '', 'Although', 'not', 'particularly', 'high,', 'I', 'thought', 'this', 'was', 'the', 'most', 'beautiful', 'waterfall', 'in', 'the', 'park.', '', 'A', 'dozen', 'or', 'more', 'streams', 'of', 'water', 'tumbled', 'down', 'from', 'one', 'lake', 'to', 'the', 'next', 'into', 'the', 'most', 'beautiful', 'turquoise', 'pool', 'of', 'water.', '', 'This', 'was', 'such', 'a', 'beautiful', 'scene', 'and', 'truly', 'captured', 'the', 'stunning', 'beauty', 'of', 'Plitvice', 'Lakes.', '', 'Heading', 'further', 'up', 'along', 'the', 'lakes,', 'we', 'saw', 'many', 'more', 'small,', 'unnamed', 'waterfalls.', '', 'Arriving', 'at', 'essentially', 'the', 'top,', 'we', 'made', 'a', 'short', 'restroom', 'stop', 'and', 'waited', 'a', 'short', 'time', 'for', 'the', 'shuttle', 'bus.', '', 'It', 'was', 'a', 'bit', 'chaotic', 'getting', 'on', 'the', 'bus', '-', 'Mario', 'advised', 'me', 'to', 'use', 'my', 'tripod', 'to', 'whack', 'other', 'tourist', 'and', 'ensure', 'our', 'group', 'go', 'on', 'the', 'bus.', '', 'The', 'shuttle', 'took', 'us', 'all', 'the', 'way', 'down', 'to', 'the', 'past', 'the', 'upper', 'lakes', 'and', 'parked', 'at', 'the', 'lower', 'lakes.', '', 'From', 'here,', 'we', 'followed', 'gravel', 'road', 'down', 'to', 'lake', 'level.', '', 'Another', 'trail,', 'mostly', 'composed', 'of', 'boardwalks', 'led', 'past', 'the', 'lower', 'lakes.', '', 'We', 'first', 'passed', 'Milanova&#269;ki', 'Slap', 'waterfall,', 'which', 'drained', 'into', 'a', 'most', 'beautiful', 'lake.', '', 'The', 'water', 'here', 'is', 'so', 'clear', 'and', 'green.', '', 'A', 'number', 'of', 'fish,', 'European', 'Chub', 'I', 'believe,', 'could', 'be', 'seen', 'in', 'the', 'water.', '', 'Continuing', 'on,', 'we', 'passed', 'more', 'small', 'cascades', 'and', 'the', 'beautiful', 'turquoise', 'water', 'before', 'heading', 'to', 'the', 'big', 'waterfall.', '', 'Veliki', 'Slap', 'is', 'the', 'highest', 'waterfall', 'in', 'the', 'park', 'at', '78', 'm.', '', 'Of', 'course', 'it', 'was', 'very', 'crowded,', 'but', 'we', 'climbed', 'on', 'some', 'rocks', 'to', 'get', 'some', 'good', 'pictures', 'of', 'this', 'massive', 'waterfall.', '', 'Then', 'we', 'started', 'heading', 'back', 'towards', 'entrance', '1', 'where', 'Tiho', 'would', 'pick', 'us', 'up.', '', 'Heading', 'back', 'up', 'the', 'gorge,', 'we', 'passed', 'a', 'couple', 'more', 'overlooks', 'of', 'Veliki', 'Slap', 'from', 'a', 'distance.', '', 'Although', 'the', 'lighting', 'was', 'poor,', 'it', 'was', 'a', 'great', 'view', 'of', 'this', 'waterfall', 'and', 'really', 'put', 'perspective', 'on', 'its', 'massive', 'size.', '', 'We', 'could', 'see', 'not', 'only', 'the', 'main', 'drop', 'that', 'we', 'could', 'see', 'from', 'the', 'base,', 'but', 'also', 'additional', 'cascades', 'and', 'drops', 'downstream.', '', 'Back', 'at', 'the', 'bus,', 'we', 'went', 'a', 'short', 'ways', 'to', 'lunch', 'at', 'Vila', 'Velebita.', '', 'It', 'was', 'a', 'late', 'lunch', 'by', 'around', '4', 'when', 'we', 'arrived', 'and', 'we', 'were', 'all', 'very', 'hungry.', '', 'But', 'the', 'food', 'was', 'really', 'delicious', 'and', 'nice', 'to', 'have', 'something', 'more', 'traditionally', 'Croatian.', '', 'After', 'lunch,', 'we', 'started', 'making', 'the', 'long', 'drive', 'back', 'to', 'Split.', '', 'On', 'the', 'way,', 'Mario', 'opened', 'the', 'bar', 'so', 'we', 'could', 'purchase', 'beer', 'or', 'wine', 'on', 'the', 'ride', 'back.', '', 'I', 'had', 'a', 'Velebitsko', 'Temno.', '', 'Mario', 'claimed', 'it', 'was', 'the', 'best', 'beer', 'in', 'Europe,', 'but', 'having', 'been', 'in', 'Munich', 'for', 'Oktoberfest,', 'I', 'was', 'a', 'bit', 'skeptical.', '', 'But', 'after', 'tasting', 'it,', 'I', 'agreed', '–', 'it', 'was', 'great.', '', 'Unfortunately,', 'I’m', 'not', 'sure', 'I', 'can', 'get', 'it', 'back', 'home.', '', 'Mario', 'gave', 'us', 'some', 'more', 'information', 'about', 'Croatia’s', 'history', 'on', 'the', 'ride', 'home', 'and', 'we', 'made', 'one', 'more', 'stop', 'for', 'a', 'sunset', 'view', 'over', 'Krka', 'River.', '', 'As', 'we', 'approached', 'Split,', 'Mario', 'handed', 'us', 'a', 'note', 'that', 'Tiho', 'was', 'a', 'good', 'singer', 'and', 'we', 'should', 'ask', 'him', 'to', 'sing', 'us', 'a', 'song.', '', 'Tiho', 'sang', 'O', 'Sole', 'Mio', 'for', 'us', 'as', 'we', 'drove', 'through', 'Split', 'back', 'to', 'the', 'bus', 'stop.', '', 'It', 'had', 'been', 'a', 'long', 'day', 'so', 'we', 'headed', 'back', 'to', 'the', 'hotel', 'after', 'our', 'tour', 'and', 'went', 'to', 'bed.\r\n\r\nWednesday', 'morning', 'we', 'slept', 'in', 'a', 'bit', 'and', 'then', 'had', 'breakfast', 'out', 'on', 'the', 'Riva.', '', 'Around', '10,', 'we', 'headed', 'to', 'the', 'South', 'Gate', 'of', 'Diocletian’s', 'Palace', 'to', 'get', 'picked', 'up', 'for', 'our', 'canyoneering', 'adventure.', '', 'Our', 'shuttle', 'took', 'us', 'over', 'to', 'the', 'small', 'town', 'of', 'Zadvarje', 'and', 'we', 'had', 'about', 'a', '20', 'minute', 'break', 'to', 'use', 'the', 'restrooms', 'and', 'grab', 'a', 'snack.', '', 'Then', 'we', 'headed', 'to', 'the', 'tour', 'office', 'for', 'a', 'safety', 'briefing', 'and', 'to', 'get', 'our', 'gear', '–', 'wet', 'suits', 'for', 'the', 'cold', 'water,', 'a', 'PFD,', 'and', 'a', 'helmet.', '', 'Once', 'we', 'were', 'all', 'geared', 'up,', 'they', 'drove', 'us', 'to', 'the', 'start', 'of', 'our', 'adventure.', '', 'It', 'was', 'quite', 'warm', 'in', 'the', 'wet', 'suits,', 'so', 'the', 'cold', 'water', 'was', 'a', 'bit', 'of', 'a', 'relief.', '', 'We', 'hike', 'down', 'into', 'the', 'gorge', 'and', 'soon', 'starting', 'canyoneering', 'down', 'Cetina', 'River.', '', 'The', 'water', 'was', 'chilly', 'but', 'wearing', 'a', 'wet', 'suit', 'kept', 'us', 'warm', 'enough.', '', 'Almost', 'immediately', 'we', 'had', 'to', 'jump', 'into', 'a', 'deep', 'pool', 'and', 'then', 'rock', 'hop', 'and', 'wade', 'further', 'down.', '', 'There', 'were', 'several', 'spots', 'to', 'jump', 'into', 'the', 'water', 'as', 'well', 'as', 'a', 'couple', 'water', 'slides', 'to', 'enjoy.', '', 'In', 'slow-moving', 'sections', 'of', 'the', 'river,', 'we', 'just', 'floated', 'downstream.', '', 'About', 'half', 'way', 'down', 'the', 'river,', 'we', 'stopped', 'for', 'a', 'break', 'on', 'some', 'big', 'rocks', 'and', 'then', 'got', 'out', 'of', 'the', 'water', 'and', 'headed', 'into', 'a', 'narrow', 'tunnel.', '', 'This', 'river', 'was', 'used', 'extensively', 'for', 'hydroelectric', 'power', 'generation', 'and', 'the', 'there', 'was', 'evidence', 'all', 'around.', '', 'In', 'fact,', 'the', 'tiny', 'village', 'of', 'Zadvarje', 'had', 'power', 'before', 'Split', 'thanks', 'to', 'the', ""river's"", 'power.', '', 'We', 'used', 'this', 'tunnel', 'to', 'get', 'around', 'Gubavica,', 'a', 'large', 'waterfall', 'on', 'Cetina', 'River.', '', 'Back', 'at', 'the', 'river,', 'we', 'headed', 'upstream', 'a', 'bit', 'to', 'the', 'base', 'of', 'Gubavica.', '', 'There', 'was', 'a', 'big', 'rock', 'here', 'to', 'climb', 'up', 'and', 'jump', 'into', 'the', 'deep', 'pool', 'at', 'the', 'base', 'of', 'the', 'falls.', '', 'After', 'a', 'few', 'jumps', 'here,', 'we', 'continued', 'downstream.', '', 'There', 'were', 'a', 'few', 'more', 'rock', 'hop', 'and', 'swimming', 'sections', 'and', 'then', 'we', 'came', 'to', 'another', 'spot', 'where', 'we', 'had', 'to', 'climb', 'a', 'ridge', 'to', 'get', 'around.', '', 'There', 'were', 'ropes', 'to', 'assist', 'with', 'the', 'steep', 'climb', 'up', 'and', 'then', 'back', 'down,', 'reminding', 'me', 'of', 'some', 'of', 'the', 'more', 'difficult', 'waterfall', 'hikes', 'back', 'home.', '', 'Soon', 'we', 'came', 'back', 'to', 'a', 'rather', 'flat', 'section', 'of', 'the', 'river', 'near', 'the', 'end', 'of', 'our', 'adventure.', '', 'We', 'floated', 'downstream', 'a', 'bit', 'and', 'passed', 'a', 'tall', 'waterfall.', '', 'It', 'comes', 'from', 'the', 'overflow', 'of', 'the', 'dam,', 'so', 'it’s', 'not', 'a', 'real', 'waterfall,', 'but', 'was', 'really', 'pretty', 'nonetheless.', '', 'At', 'this', 'point,', 'we', 'got', 'out', 'of', 'the', 'water', 'and', 'followed', 'a', 'trail', 'to', 'once', 'last', 'wade', 'across', 'the', 'river', 'and', 'then', 'up', 'to', 'the', 'road', 'where', 'the', 'shuttles', 'were', 'waiting', 'to', 'bring', 'us', 'back.', '', 'We', 'changed', 'clothes', 'and', 'then', 'headed', 'back', 'to', 'Zadvarje', 'and', 'then', 'were', 'shuttled', 'back', 'to', 'Split.', '', 'We', 'took', 'showers', 'and', 'then', 'headed', 'to', 'dinner', 'in', 'the', 'evening.', '', 'We', 'stopped', 'by', 'a', 'grocery', 'store', 'to', 'pick', 'up', 'some', 'wine', 'and', 'had', 'drinks', 'down', 'by', 'the', 'Riva.\r\n\r\nThursday', 'morning,', 'we', 'woke', 'up', 'early', 'again', 'and', 'ate', 'breakfast', 'down', 'at', 'the', 'Riva.', '', 'After', 'breakfast,', 'we', 'headed', 'to', 'the', 'bus', 'stop', 'for', 'our', 'tour', 'of', 'Krka', 'National', 'Park', 'and', '&#348;ibenik.', '', 'Our', 'tour', 'guide', 'today', 'was', 'Ernest', 'and', 'our', 'driver', 'was', 'George.', '', 'Leaving', 'Split,', 'we', 'first', 'stopped', 'at', 'Trogir', 'to', 'pick', 'up', 'some', 'additional', 'folks.', '', 'This', 'is', 'Ernest’s', 'home', 'and', 'he', 'had', 'lots', 'to', 'tell', 'us', 'about', 'this', 'little', 'town.', '', 'We', 'continued', 'on', 'away', 'from', 'the', 'coast', 'and', 'into', 'Krka', 'National', 'Park.', '', 'We', 'first', 'stopped', 'at', 'Skradinski', 'Buk,', 'Krka’s', 'largest', 'and', 'most', 'well-known', 'waterfall.', '', 'This', 'is', 'the', 'last', 'waterfall', 'on', 'Krka', 'River', 'before', 'it', 'flows', 'into', 'the', 'Adriatic', 'Sea.', '', 'Our', 'quick', 'stop', 'for', 'a', 'sunset', 'view', 'two', 'days', 'earlier', 'was', 'just', 'a', 'short', 'ways', 'downstream', 'from', 'this', 'waterfall.', '', 'We', 'started', 'off', 'near', 'the', 'top', 'and', 'made', 'a', 'clockwise', 'loop', 'on', 'the', 'trail', 'around', 'the', 'waterfall.', '', 'The', 'Church', 'of', 'St.', 'Nicholas', 'was', 'near', 'the', 'start.', '', 'Skradinski', 'Buk', 'has', 'a', 'number', 'of', 'cascading', 'sections,', 'each', 'one', 'quite', 'beautiful.', '', 'I', ""don't"", ""there's"", 'anywhere', 'to', 'see', 'the', 'entire', 'thing.', '', 'Although', 'there', 'were', 'several', 'old', 'mills', 'and', 'other', 'buildings', 'around', 'the', 'falls,', 'I', 'didn’t', 'they', 'distracted', 'much', 'from', 'the', 'scene.', '', 'We', 'slowly', 'worked', 'our', 'way', 'down', 'after', 'viewing', 'each', 'of', 'the', 'cascades', 'and', 'drops.', '', 'At', 'the', 'bottom,', 'we', 'crossed', 'the', 'footbridge', 'over', 'the', 'river', 'to', 'the', 'base', 'at', 'the', 'pool', 'below', 'the', 'falls.', '', 'Unlike', 'Plitvice', 'Lakes,', 'swimming', 'is', 'permitted,', 'and', 'I', 'had', 'to', 'take', 'the', 'opportunity', 'to', 'take', 'a', 'dip.', '', 'The', 'water', 'was', 'quite', 'cold', 'and', 'the', 'current', 'was', 'surprisingly', 'strong.', '', 'It', 'was', 'hard', 'to', 'stop', 'for', 'a', 'picture', 'without', 'getting', 'swept', 'downstream.', '', 'I', 'didn’t', 'stay', 'in', 'long', 'as', 'it', 'was', 'too', 'chilly,', 'however.', '', 'After', 'drying', 'off,', 'we', 'started', 'heading', 'back', 'up', 'the', 'other', 'side.', '', 'It', 'was', 'more', 'natural', 'on', 'this', 'side', 'with', 'none', 'of', 'the', 'mills', 'or', 'old', 'buildings', 'here.', '', 'We', 'saw', 'beautiful', 'travertine', 'cliffs', 'as', 'we', 'were', 'heading', 'up.', '', 'There', 'was', 'another', 'really', 'scenic', 'waterfall', 'along', 'the', 'way', 'on', 'a', 'small', 'tributary', 'of', 'Krka', 'River.', '', 'Soon', 'we', 'got', 'to', 'probably', 'the', 'best', 'view', 'spot', 'of', 'Skradinski', 'Buk', '–', 'perched', 'up', 'on', 'a', 'cliff,', 'the', 'waterfall,', 'footbridge,', 'and', 'old', 'buildings', 'made', 'a', 'beautiful', 'scene.', '', 'And', 'yet,', 'even', 'here,', 'we', 'could', 'only', 'see', 'a', 'portion', 'of', 'the', 'entire', 'waterfall.', '', 'Continuing', 'on,', 'the', 'boardwalk', 'trails', 'looped', 'around', 'past', 'scenic', 'little', 'ponds', 'and', 'small', 'drops,', 'but', 'nothing', 'else', 'too', 'big.', '', 'There', 'was', 'one', 'area', 'with', 'a', 'huge', 'number', 'of', 'wildflowers', 'blooming.', '', 'Finishing', 'up', 'the', 'loop,', 'we', 'made', 'a', 'quick', 'stop', 'at', 'the', 'old', 'mill.', '', 'We', 'then', 'headed', 'back', 'to', 'the', 'bus', 'to', 'continue', 'exploring', 'the', 'park.', '', 'Driving', 'north,', 'we', 'made', 'a', 'quick', 'stop', 'to', 'view', 'the', 'Visovak', 'Island,', 'containing', 'a', '14th', 'monastery.', '', 'The', 'island', 'is', 'not', 'completely', 'natural', '–', 'the', 'monks', 'added', 'rocks', 'over', 'the', 'years', 'to', 'increase', 'the', 'size', 'of', 'the', 'island.', '', 'The', 'views', 'here', 'of', 'the', 'island,', 'monastery,', 'and', 'Krka', 'river', 'were', 'great.', '', 'After', 'a', 'couple', 'pictures,', 'we', 'continued', 'on', 'to', 'Roški', 'Slap.', '', 'Here', 'we', 'had', 'a', 'traditional', 'buffet', 'lunch', 'with', 'bread,', 'cheese,', 'olives,', 'and', 'meat.', '', 'We', 'even', 'had', 'some', 'local', 'sherry', 'and', 'wine.', '', 'After', 'lunch', 'we', 'took', 'some', 'time', 'to', 'explore.', '', 'First,', 'we', 'hiked', 'the', 'rather', 'steep', 'Niz', 'Plo&#269;u', 'trail', 'up', 'to', 'a', 'great', 'overlook', 'of', 'the', 'Krka', 'River.', '', 'Although', 'steep', 'and', 'rocky,', 'I', 'stopped', 'a', 'couple', 'times', 'to', 'enjoy', 'the', 'view', 'and', 'check', 'out', 'the', 'chimney', 'bellflower', 'blooming', 'along', 'the', 'trail.', '', 'In', 'the', 'distance,', 'the', 'river', 'flowed', 'between', 'two', 'mountains', 'that', 'almost', 'looked', 'like', 'a', 'wall', 'that', 'had', 'been', 'broken', 'by', 'the', 'river.', '', 'Heading', 'back', 'down,', 'we', 'swung', 'by', 'the', 'boat', 'dock', 'to', 'see', 'Roški', 'Slap', 'waterfall.', '', 'The', 'view', 'wasn’t', 'ideal', 'from', 'here;', 'I', 'think', 'the', 'only', 'way', 'to', 'get', 'a', 'good', 'view', 'of', 'this', 'waterfall', 'would', 'be', 'from', 'a', 'boat.', '', 'We', 'swung', 'by', 'the', 'gift', 'shop', 'and', 'picked', 'up', 'a', 'couple', 'little', 'bottles', 'of', 'sherry', 'to', 'take', 'home.', '', 'Then', 'we', 'got', 'back', 'in', 'the', 'bus', 'and', 'left', 'the', 'park', 'en', 'route', 'to', 'the', 'historic', 'town', 'of', '&#348;ibenik.', '', 'We', 'stopped', 'near', 'the', 'docks', 'and', 'followed', 'Ernest', 'toward', 'the', 'town', 'square', 'and', 'the', 'Cathedral', 'of', 'St.', 'James,', 'a', 'UNESCO', 'World', 'Heritage', 'Site.', '', 'Ernest', 'provided', 'some', 'history', 'of', 'this', 'beautiful', 'church,', 'pointing', 'out', 'some', 'of', 'the', 'beautiful', 'architectural', 'features.', '', 'The', 'building', 'was', 'unfortunately', 'damaged', 'in', 'the', 'war,', 'but', 'was', 'being', 'restored.', '', 'We', 'then', 'took', 'a', 'quick', 'walk', 'through', 'the', 'inside', 'of', 'the', 'cathedral', 'to', 'see', 'the', 'beautiful', 'altar', 'and', 'interior.', '', 'Outside,', 'I', 'got', 'a', 'picture', 'of', 'many', 'of', 'the', 'stone', 'heads', 'on', 'the', 'side', 'of', 'the', 'building.', '', 'Then', 'we', 'headed', 'up', 'to', 'the', 'Medieval', 'Garden', 'of', 'St.', 'Lawrence', 'Monastery.', '', ""It's"", 'a', 'very', 'small', 'garden,', 'but', 'quite', 'scenic', 'right', 'in', 'the', 'old', 'town', 'of', '&#348;ibenik.', '', 'Firethorn', 'and', 'other', 'pretty', 'flowers', 'were', 'blooming', 'in', 'the', 'garden', 'and', 'a', 'small', 'cafe', 'provided', 'a', 'spot', 'to', 'get', 'a', 'drink', 'and', 'relax.', '', 'After', 'a', 'few', 'minutes,', 'we', 'headed', 'back', 'to', 'the', 'bus', 'to', 'head', 'back', 'to', 'Split.', '', 'It', 'was', 'a', 'lovely', 'drive', 'along', 'the', 'coast', 'between', '&#348;ibenik', 'and', 'Split', 'as', 'we', 'made', 'out', 'way', 'back.\r\n\r\nFriday', 'was', 'an', 'early', 'morning', 'as', 'we', 'had', 'a', 'long', 'day', 'heading', 'to', 'Dubrovnik.', '', 'Our', 'tour', 'guide', 'today', 'was', 'Igor', 'and', 'our', 'driver', 'was', 'Ivan.', '', 'After', 'everyone', 'was', 'boarded', 'on', 'the', 'bus,', 'we', 'headed', 'south.', '', 'We', 'made', 'a', 'bathroom', 'and', 'snack', 'break', 'at', 'the', 'highest', 'gas', 'station', 'in', 'Croatia', 'where', 'we', 'could', 'see', 'the', 'towering', 'Biokovo', 'Mountains,', 'the', 'second', 'highest', 'mountain', 'range', 'in', 'Croatia.', '', 'From', 'here,', 'we', 'continued', 'south', 'to', 'our', 'first', 'stop', 'in', 'the', 'small', 'town', 'of', 'Ston.', '', 'A', 'defensive', 'stone', 'wall', 'was', 'built', 'around', 'the', 'town', 'that', 'looked', 'like', 'a', 'miniature', 'version', 'of', 'China’s', 'Great', 'Wall.', '', 'In', 'town,', 'Igor', 'pointed', 'out', 'a', 'couple', 'places', 'to', 'stop.', '', 'First', 'we', 'hit', 'up', 'a', 'bakery', 'to', 'pick', 'up', 'some', 'pastries', 'and', 'meat', 'pies', 'to', 'eat.', '', 'Then', 'we', 'swung', 'by', 'the', 'wine', 'store', 'to', 'get', 'some', 'Croatian', 'wine', 'to', 'bring', 'home', 'before', 'exploring', 'the', 'small', 'town.', '', 'Walking', 'south', 'out', 'of', 'the', 'walls,', 'we', 'could', 'see', 'the', 'salt', 'pans.', '', 'We', ""didn't"", 'really', 'have', 'enough', 'time', 'to', 'walk', 'through', 'so', 'just', 'got', 'some', 'pictures', 'from', 'the', 'street.', '', 'Down', 'one', 'street,', 'we', 'could', 'see', 'the', 'Church', 'of', 'St.', 'Blaise.', '', 'Originally', 'built', 'in', 'around', '1340,', 'the', 'church', 'has', 'been', 'repeatedly', 'destroyed', 'by', 'earthquakes,', 'most', 'recently', 'in', '1996.', '', 'And', 'like', 'many', 'times', 'in', 'the', 'preceding', 'centuries,', 'the', 'church', 'was', 'being', 'restored.', '', '', 'We', 'walked', 'around', 'the', 'town', 'a', 'bit', 'more', 'along', 'the', 'walls', 'and', 'spotted', 'some', 'amazing', 'cactus', 'growing', 'up', 'along', 'the', 'city', 'walls.', '', 'But', 'then', 'it', 'was', 'time,', 'so', 'we', 'headed', 'back', 'to', 'the', 'bus', 'and', 'continue', 'towards', 'Dubrovnik.', '', 'Continuing', 'on,', 'we', 'passed', 'through', 'a', 'small', 'section', 'of', 'Bosnia-Herzegovina', 'and', 'then', 'back', 'into', 'Croatia.', '', 'The', 'drive', 'along', 'the', 'coast', 'here', 'was', 'absolutely', 'beautiful', 'and', 'soon', 'we', 'were', 'headed', 'into', 'Dubrovnik.', '', 'Dubrovnik', 'is', 'always', 'crowded', 'and', 'a', 'couple', 'cruise', 'ships', 'were', 'in', 'port,', 'so', 'it', 'was', 'even', 'more', 'crowded', 'than', 'usual,', 'despite', 'being', 'shoulder', 'season.', '', 'We', 'got', 'dropped', 'off', 'at', 'the', 'bus', 'stop', 'near', 'an', 'interesting', 'fountain', 'with', 'statues', 'of', 'Pan', 'and', 'Nymph.', '', 'Starting', 'our', 'exploration', 'of', 'the', 'city,', 'Igor', 'took', 'us', 'around', 'the', 'old', 'town', 'of', 'the', 'city', 'for', 'about', 'an', 'hour.', '', 'He', 'provided', 'some', 'fascinating', 'history', 'of', 'the', 'city', 'and', 'pointed', 'out', 'several', 'landmarks', 'throughout', 'the', 'city,', 'including', 'the', 'the', 'stairs', 'where', 'Cersei', 'Lannister', 'did', 'her', 'Walk', 'of', 'Atonement', 'in', 'Game', 'of', 'Thrones.', '', 'Dubrovnik', 'is', 'the', 'setting', 'for', 'Kings', 'Landing', 'and', 'we', 'recognized', 'many', 'spots', 'from', 'the', 'show.', '', 'He', 'also', 'showed', 'us', 'many', 'of', 'the', 'beautiful', 'churches', 'located', 'in', 'the', 'city.', '', 'The', 'Dubrovnik', 'Cathedral', 'was', 'one', 'of', 'the', 'most', 'beautiful.', '', 'When', 'Igor', 'was', 'finished,', 'we', 'had', 'some', 'free', 'time', 'to', 'explore', 'the', 'city', 'and', 'headed', 'up', 'to', 'the', 'famous', 'city', 'walls.', '', 'Starting', 'out', 'in', 'the', 'eastern', 'end', 'of', 'the', 'walls', 'near', 'the', 'harbor,', 'we', 'headed', 'up', 'and', 'walked', 'around', 'the', 'walls', 'in', 'the', 'counterclockwise', 'direction.', '', 'Up', 'here,', 'we', 'had', 'amazing', 'views', 'of', 'the', 'city.', '', 'The', 'walls', 'span', 'the', 'perimeter', 'of', 'the', 'city', 'and', 'we', 'spent', 'about', 'an', 'hour', 'and', 'a', 'half', 'walking', 'around.', '', 'There', 'were', 'several', 'old', 'cannons', 'up', 'here,', 'indicating', 'the', 'defensive', 'nature', 'of', 'these', 'walls.', '', 'The', 'bright', 'orange', 'roofs', 'of', 'the', 'buildings', 'of', 'Dubrovnik', 'made', 'a', 'spectacular', 'sight', 'from', 'the', 'walls.', '', 'About', 'halfway', 'through,', 'we', 'stopped', 'at', 'Min&#269;eta', 'Tower.', '', 'Climbing', 'up', 'to', 'the', 'top', 'was', 'the', 'highest', 'point', 'on', 'the', 'walls', 'and', 'provided', 'the', 'best', 'views.', '', 'Continuing', 'on,', 'we', 'could', 'see', 'Lovrijenac', 'Fort,', 'which', 'is', 'detached', 'from', 'the', 'old', 'town.', '', 'Standing', 'tall', 'on', 'a', 'cliff', 'high', 'above', 'the', 'sea,', 'this', 'old', 'fortress', 'was', 'stunningly', 'beautiful.', '', 'The', 'last', 'section', 'of', 'the', 'walls', 'was', 'along', 'the', 'coast', 'and', 'we', 'could', 'see', 'the', 'rocky', 'water', 'far', 'below.', '', 'At', 'one', 'point', 'high', 'above', 'the', 'rugged', 'rocky', 'coast,', 'we', 'watched', 'some', 'people', 'jump', 'into', 'the', 'ocean', 'from', 'the', 'cliffs.', '', 'When', 'we', 'finished', 'the', 'walls,', 'we', 'headed', 'back', 'to', 'the', 'old', 'town.', '', 'We', 'visited', 'the', 'Church', 'of', 'St.', 'Ignatius', 'with', 'the', 'most', 'beautiful', 'interior.', '', 'The', 'ceiling', 'above', 'the', 'altar', 'was', 'painted', 'with', 'a', 'heavenly', 'scene', 'and', 'reminded', 'me', 'of', 'the', 'Sistine', 'Chapel.', '', 'Then', 'we', 'continued', 'through', 'town', 'to', 'Lovrijenac', 'Fort,', 'just', 'outside', 'the', 'old', 'town.', '', 'There', 'were', 'many', 'stairs', 'to', 'climb', 'up', 'but', 'the', 'views', 'of', 'the', 'Old', 'Town', 'were', 'great', 'from', 'here.', '', 'It', 'really', 'put', 'into', 'perspective', 'the', 'scope', 'of', 'the', 'city', 'walls', 'we', 'had', 'walked', 'earlier.', '', 'After', 'some', 'pictures,', 'it', 'was', 'getting', 'to', 'be', 'about', 'time', 'so', 'we', 'headed', 'back,', 'passing', 'the', 'West', 'Harbor', 'of', 'Dubrovnik.', '', 'Returning', 'to', 'the', 'bus,', 'we', 'made', 'the', 'long', 'drive', 'home', 'but', 'Igor', 'told', 'us', 'some', 'stories', 'and', 'history', 'of', 'Croatia', 'to', 'pass', 'the', 'time.\r\n\r\nSaturday', 'was', 'our', 'last', 'full', 'day', 'in', 'Croatia', 'and', 'today', 'we', 'were', 'doing', 'a', 'boat', 'tour', 'of', 'the', 'many', 'islands', 'off', 'the', 'coast', 'of', 'Split.', '', 'We', 'boarded', 'the', 'speedboat', 'at', '830', 'with', 'our', 'guide', 'Martko.', '', 'We', 'first', 'stopped', 'at', '&#268;iovo', 'island', 'near', 'Trogir', 'to', 'pick', 'up', 'some', 'other', 'visitors', 'and', 'then', 'made', 'the', 'rather', 'long', 'boat', 'ride', 'to', 'the', 'island', 'of', 'Biševo', 'to', 'see', 'the', 'Blue', 'Cave.', '', 'The', 'Blue', 'Cave', 'is', 'illuminated', 'from', 'around', '11', 'to', '12', 'so', 'we', 'had', 'to', 'go', 'here', 'first', 'to', 'see', 'the', 'cave', 'under', 'optimal', 'lighting', 'conditions.', '', 'The', 'boat', 'was', 'cruising', 'at', 'about', '25', 'MPH', 'so', 'it', 'got', 'a', 'little', 'chilly', 'with', 'the', 'wind.', '', 'In', 'about', '2', 'hours,', 'we', 'made', 'it', 'to', 'Biševo', 'and', 'had', 'a', 'quick', 'break.', '', 'The', 'views', 'here', 'of', 'Vis', 'in', 'the', 'distance', 'were', 'really', 'nice.', '', 'We', 'then', 'boarded', 'a', 'smaller', 'boat', 'to', 'head', 'to', 'the', 'cave.', '', 'The', 'Blue', 'Cave', 'has', 'a', 'very', 'small', 'entrance', 'and', 'so', 'larger', 'boats', 'can’t', 'get', 'in.', '', 'Even', 'in', 'the', 'small', 'boat,', 'we', 'had', 'to', 'duck', 'down', 'when', 'entering.', '', 'Inside', 'the', 'cave,', 'sunlight', 'penetrated', 'the', 'water', 'outside', 'the', 'cave', 'and', 'illuminated', 'the', 'cave', 'in', 'a', 'beautiful', 'blue', 'light.', '', 'It', 'was', 'amazing', 'to', 'see', 'and', 'hard', 'to', 'believe', 'that', 'it’s', 'natural', 'lighting.', '', 'After', 'a', 'quick', 'run', 'through', 'the', 'cave,', 'we', 'returned', 'to', 'the', 'dock', 'and', 're-boarded', 'our', 'tour', 'boat.', '', 'Martko', 'took', 'us', 'over', 'to', 'the', 'fishing', 'village', 'of', 'Komiža', 'on', 'the', 'island', 'of', 'Vis.', '', 'We', 'had', 'about', 'an', 'hour', 'here,', 'so', 'we', 'walked', 'around', 'the', 'town,', 'first', 'visiting', 'Komuna,', 'the', 'fishing', 'museum.', '', 'They', 'had', 'some', 'interesting', 'exhibits', 'but', 'the', 'highlight', 'was', 'the', 'view', 'from', 'the', 'top.', '', 'Then', 'we', 'stopped', 'by', 'Gusarica', 'beach', 'and', 'relaxed', 'for', 'a', 'bit', 'to', 'enjoy', 'the', 'view', 'of', 'the', 'bay.', '', 'Back', 'at', 'the', 'boat,', 'we', 'continued', 'around', 'Vis', 'and', 'made', 'a', 'quick', 'stop', 'at', 'Stiniva', 'beach,', 'rated', 'as', 'the', 'best', 'in', 'Europe.', '', 'Tucked', 'back', 'away', 'in', 'cove', 'protected', 'by', 'cliffs,', ""it's"", 'no', 'wonder', 'it', 'was', 'rated', 'highly.', '', 'Our', 'next', 'stop', 'was', 'at', 'the', 'Green', 'Cave', 'on', 'the', 'island', 'of', 'Ravnik.', '', 'This', 'cave', 'is', 'much', 'larger', 'than', 'Blue', 'Cave', 'and', 'bigger', 'boats', 'were', 'able', 'to', 'get', 'in.', '', 'A', 'small', 'hole', 'in', 'the', 'roof', 'of', 'the', 'cave', 'allowed', 'sunlight', 'to', 'get', 'in,', 'creating', 'an', 'interesting', 'green', 'spot', 'in', 'the', 'water.', '', 'A', 'few', 'people', 'were', 'in', 'the', 'water', 'swimming,', 'but', 'with', 'multiple', 'boats', 'in', 'here,', 'swimming', ""didn't"", 'seem', 'safe.', '', 'As', 'we', 'were', 'leaving', 'the', 'cave,', 'we', 'saw', 'some', 'people', 'on', 'top', 'of', 'the', 'cave,', 'jumping', 'into', 'the', 'water.', '', 'It', 'was', 'getting', 'into', 'the', 'afternoon', 'and', 'we', 'were', 'getting', 'hungry', 'so', 'our', 'next', 'stop', 'was', 'the', 'small', 'island', 'Budikovac,', 'with', 'a', 'population', 'of', 'one.', '', 'A', 'rather', 'eccentric', 'gentleman', 'lives', 'here', 'year', 'round', 'with', 'his', 'donkeys', 'and', 'some', 'other', 'livestock.', '', 'We', 'had', 'lunch', 'here', 'and', 'then', 'took', 'some', 'time', 'to', 'swim', 'and', 'snorkel', 'in', 'the', 'beautiful', 'water.', '', 'The', 'water', 'was', 'very', 'cold,', 'but', 'so', 'crystal', 'clear', 'and', 'I', 'spotted', 'a', 'few', 'fish', 'while', 'snorkeling.', '', 'It', 'was', 'too', 'cold', 'to', 'stay', 'in', 'long.', '', 'Our', 'last', 'stop', 'was', 'the', 'city', 'of', 'Hvar', 'on', 'the', 'island', 'of', 'the', 'same', 'name.', '', 'We', 'first', 'walked', 'past', 'the', 'Church', 'of', 'St.', 'Stephen', 'and', 'then', 'made', 'the', 'hike', 'up', 'to', 'the', 'fortress.', '', 'Along', 'the', 'way,', 'we', 'passed', 'an', 'old', 'church;', 'I', 'never', 'figured', 'out', 'a', 'name', 'for', 'this', 'one.', '', 'At', 'the', 'fortress,', 'we', 'first', 'headed', 'down', 'into', 'the', 'prison.', '', 'There', 'were', 'several', 'small', 'cells,', 'including', 'a', 'torture', 'chamber.', '', 'Then', 'we', 'went', 'up', 'to', 'the', 'top', 'of', 'the', 'fortress', 'for', 'amazing', 'views', 'overlooking', 'Hvar', 'and', 'the', 'harbor.', '', 'After', 'a', 'few', 'pictures,', 'we', 'headed', 'back', 'into', 'town', 'just', 'walked', 'around', 'the', 'beautiful', 'old', 'city', 'for', 'a', 'bit.', '', 'Passing', 'the', 'Benedictine', 'Monastery,', 'there', 'was', 'a', 'statue', 'of', 'a', 'monk', 'praying', 'outside.', '', 'When', 'it', 'was', 'time,', 'we', 'got', 'back', 'on', 'the', 'boat', 'and', 'headed', 'back', 'to', 'Split.', '', 'There', 'was', 'some', 'type', 'of', 'regatta', 'going', 'on', 'and', 'we', 'passed', 'a', 'number', 'of', 'sailboats', 'as', 'we', 'headed', 'back', 'to', 'Split.', '', 'For', 'our', 'last', 'dinner', 'in', 'Split,', 'we', 'ate', 'at', 'Fife.', '', 'It', 'was', 'buffet', 'style,', 'but', 'the', 'food', 'was', 'really', 'good.', '', 'After', 'that,', 'we', 'had', 'one', 'more', 'drink', 'along', 'the', 'Riva', 'to', 'enjoy', 'sunset', 'and', 'then', 'headed', 'back', 'to', 'the', 'room', 'to', 'pack.', '', 'Sunday', 'was', 'long', 'day', 'in', 'many', 'airports,', 'but', 'we', 'made', 'it', 'home', 'without', 'any', 'incidents.']",254,23
29123,34,"['', '']",853,0
29468,4,"['January', '4-10,', '2016\r\nSchool', 'trip', 'to', 'Wroxton', 'College,', 'Wroxton,', 'Oxfordshire,', 'England.', '\r\nVisited', 'Banbury,', 'Stratford-upon-Avon,', 'Oxford,', 'London,', 'Windsor.']",260,0
30978,0,"['', '']",306,0
30991,0,"['', '']",260,0
31221,3,"['Over', 'three', 'times', 'the', 'size', 'of', 'Texas,', 'Greenland', 'has', 'just', '14', 'percent', 'inhabitable', 'area', 'to', 'live.', 'The', 'ice', 'shelf', 'within', 'Greenland', 'is', 'believed', 'to', 'be', 'over', 'two', 'miles', 'high', 'in', 'thickness.', 'Should', 'it', 'all', 'melt', 'the', 'worlds', 'oceans', 'would', 'rise', '25', 'feet.', 'A', 'territory', 'of', 'Denmark', 'the', 'island', 'of', 'Greenland', 'has', 'a', 'population', 'of', 'just', '60,000', 'making', ""''Nuuk''"", 'its', 'main', 'municipal', 'city', 'of', '14,000', 'nearly', 'a', 'quarter', 'of', 'the', 'islands', 'population.', 'Fishing', 'is', 'the', 'main', 'source', 'of', 'income', 'for', 'the', 'inuits', 'of', 'the', 'island.']",229,0
31755,125,"['', '']",906,0
41271,0,"['<p>Birthday', 'Trip', '2018</p>\n']",257,0
